id,protein_seq,rna_seq
seed3_row108769,MSKLEKFTNCYSLSKTLRFKAIPVGETLKNFISSGILEQDEHRAESYIKVKGIIDEYHKAYIDSVLSNLCLPMIDEGKNNSLSECYSLYISKSQDENAKKKFEDIKVALRKQVSKAFTGDTAFSDLFKKELIESHLPAFVTGDSEKALVEEFRNFTTYFTGFHENRKNMYSDEEKSTAIAYRCINDNLPRFLDNIKSFQKVMVSLPAADLDELNNDFKAVYGIDSIQSFFSVDNFNNVICQSGIDRYNSLIGGYTCSDGTKVQGLNERINLYNQQVAKSDESKRLPLMKPLRKQILSVGESVSFIPEKFKSDNEVLLAINKAYDGLHDSLVGDGDGSLRYLLQTISSYDTGGIYITNGVAITDISNGLFGRWNVISDGWNAEYEKGKSRKDVENAEKANEAFSNNVFSIADLNSAYGGNDMPEKVKGAAVAGYFKDYFVTSISGTAQSLSDFSLPEVPKAELYLNDEKALIEKLKDLLDVIKEFKRLLSLFNGTGKESDTDFYFDKDLSLLSDVSSINDLYNKVRNYVTKKPYSTDKIKLNFGNPQFLNGWARSKEFANAAILFRDGLSFYLAIMDDEFRSCLPKPLMPGGQSCFDKMIYKLLPGPNKMLPKVFFSAKGLATFSPSDEILAIRNEKKHTKGVTFDLDDCHKLIDFYKSSISKHEDWSKFGFKFSDTSSYEDISGFYREVEQQGYRITFCNVSESYVESLVNDGKLYLFKIWNKDFSEHSKGTPNLHTLYFKMLFDERNLSDVVYQLNGGAEMFYRKASISEEEMVVHPKNQPITNKNVSNEKKESVFDYDIIKDRRYTKPQFEIHVPIKLNFKADGKGRINDDVRRALKDCDENYVIGIDRGERNLLYICVINGNGEIVLQTSLNEIIGDNGYRVDYHKLLDAKEKERDAAKKSWGTVENIKELKEGYLSQVVHKICQLVLKYDAVIALEDLNSGFKNSRVKVEKQVYQKFEKMLCDKLNYLVDKKADPEADGGLLRAYQLTNKFDGVNRGRQNGIIFYVPAWDTSKIDPATGFVNLLKPKYSSVSESKVLWNNFDMVKYDGEQGRFEFRFDLNDFSKNVADYLGSTRCVAISDRIERIRDPEAKTNWKSVSVNAELMKLLLENGIAYGDGKDLKADMCKIDDKAFHAALIGLLRLTMQMRNSVTGSVDVDYLISPVRNAEGVFFDSRNCSSGLPKNADANGAYNIARKALWAIEVLKNTEEGEKISLAISNREWLEFAQTI,UUUCAAAGAUUAAAUAAUUUCUACUAAGUGUAGAUACUGAUCACGUACUCGAUGUCAC
seed3_row116239,MSKLEKFTNCYSLSKTLRFKAIPVGKTEENFNNALLLEQDKKRSDEYKVVKGYIDEYHKAYIDSVLSNIKLSDVDEYAELYYKSGKDDADKKAMEDLEEKMRKQISKALKSDERYKTIFSQDMVKEILPEFLSDDEEKASVEMFRNFSTYFKGFWENRKNMYSSEEKSTAIAYRCINENLPKFLDNVKSFEQVLSIIPQEKIAELNANMINQYGFTLENIFSVDYFSFVLAQSGIDKYNHIIGGYSNSDGSKIQGLNEYINLYNQQVAKEDRSKKLPMMKPLYKQILSDRESVSFIPEKFHNDNEVLESIKEFYAGNAEELFGDLEEVVGTISDILYRDFNAIYINSGEITTLSNGCYGNWSTIRNCWNNEYESAHTTGKKGKEKYHEKRKKEYKSIKSFSLSELQALGGSDTKICDYIQERGAELCDNVVAAYKGAETLLNRAYNNNSKLLSNDYDVKLIKSVLDSLLECSHFLKMFTGSGKESGKDELFYGIFSPYYEKVRELDSMYDKVRNYVTQKPYSKDKIKLTFDNPQLLGGWDKNKEKDYRTVLLKKDGFYYLGIMDKSANKIFEDAPEAANEECYQKIEYKLLPGPNKMLPKVFFAKSNIELFSPSEEILAIYKKKTFLKGSEFNLSDCHNLIDFFKASINKHQDWSKFGFNFSDTKDYEDISGFYREVESQGYNVSFTDIPASYVEDLVNEGKLYLFKLYNKDFSEYSHGKKNLHTMYFEALFDEENLKDVVYKLNGKAEMFYRKPSLDKNELTVHPANQPVKNKNPLNEKETSIFAYDLIKDKRFTKRQFSLHIPITMNFKASGMSSLNYDVRKALKYKEENYVIGIDRGERNLIYICVINSKGEIVEQMSLNEIIGDNGYKVDYRKLLDRKEKERDKARKSWGTIENIKELKEGYLSQVVHKICELVIKYDAVIAMEDLNFGFKRGRFPVEKQVYQKFENMLISKLNLLIDKKADANEHGGLLNAYQLTNKVDGVNKGKQNGIIFYVPAWLTSKIDPTTGFVDLLKPKYVSVSEAKKLFESIDDIKYKANTEFEFEFVFNYNKFPKCKVIYNKKWTVCTNADRIRTFRNKEKNNEFNSKTVVLTEEFKNLFDKYGIVYNDIKNVKETIKCDAKVFVEDFLGELQLMLQMRNSETGNTDVDYLISPIKNPNGGFYDSRKYNDETPQNADANGAYNIARKVLWAIEIIKDTEDDELKNADLSISNKQWLDMAQKGS,UUUCAAAGAUUAAAUAAUUUCUACUAAGUGUAGAUACUGAUCACGUACUCGAUGUCAC
seed3_row108307,MSKLEKFTNCYSLSKTLRFKAIPVGKTQDNFKANLLLEEDKQRADSYEKVKLYIDRFHKHYIESVLGTLKLEGVDEYLELYSKSGKDEEEKKQMAALQERFRKIIANAFTKDKRYEKIFKKELIREDILSFADNEEEKRMVESFSRFTTYFKGFNENRRNMYSAEDKAIAIAYRCINDNLPKFIDNIKTFQEIEALLPSDVLEKLNDSLKGVFNVESYDSVLTQSGIDSYNCIIGGVSSSNGEKVKGLNEYINLYNQQVAKTDKSKKLPLLKPLYKQILSDSVSVSFLPESFKNDAEVLESIQELYNRIYEEVINERDGSVREILEDISGLETKPLFLSGKEITELSNMIYSDWNVIKDAISLRAVQEHPKKNKTKEKFYEENKARLKKKDSYSISALNSYLTVDSEELKSIQEYYSILGDKKEEEISLLETLDTEYEQVKSLLDSDYPKEKNLSQDKLTVAKIKALLDTVKALQHFIKPLLGSGEEPEKDEKFYGEFVPLWETLNAITSLYNMVRNYMTKKPYSVEKVKLNFSNPQLLAGWDANKETDYASVILRRSGLFYLAIMDKKHNKVFEDCPTSSEGDGFEKMTYKLLPGPNKMLPKVFFSKSRIEEFAPSEELLRIREKGSFKAGESFNLDDCHKFIDFFKVSISKHPDWSEFGFRFSNTETYEDISGFYREVEQQGYRLTFKSISAEYIDSLVSEGKLYLFKIYNKDFSEYSHGTPNMHTLYWKMLFDERNLKDVVYKLNGQAEVFYRKASIKKKDRVIHPKNESIKNKNPLSKKEYSTFAYDLIKDKRYTENKFQLHVPITMNFKSEGIRNINKIVNLALKESNDNYVIGIDRGERNLLYVCVIDGKGKIVEQYSLNEIINEYNGKAYVTDYHNLLDTKEKERDAARKSWNTIESIKELKEGYISQVIHKICQLVIKYDAVVVMEDLNFGFKNSRIKVEKQVYQKFEKMLIDKLNYLVNKKIDINKPGGVLNAYQLTEKFESFKKMGKQNGFLFYVPAWNTSKIDPTTGFVNLLHPKYESVKSSRDFIQNFDDIRYNDKEDYFEFDIDYSKFPKCSADFRKKWTICTNGDRIRTFRNPEKNNEWDNDTTVLTTKFKELFEKYGVDIGKDIRAQVIEKGEKDFFVELMHLFRLVLQMRNSVIGTEIDYMVSPVRNADGDFFDSRKVSGALPDNADANGAYNIARKAMWAIRKIKEAAEDEKISLAISNKDWLQFVQKIQT,UUUCAAAGAUUAAAUAAUUUCUACUAAGUGUAGAUACUGAUCACGUACUCGAUGUCAC
seed3_row112680,MSKLEKFTNCYSLSKTLRFKAIPVGKTEENFIKNLLLEEDEMRAKEYLKVKELIDNYHKQYIESALSKFSFDSDLLKKYAILAENKGKDEKAFEKVKETLRKQIVKAFKDRSEYGDLFNKELIQQLLPEFLKDKEEKEEISEFDKFTTYFTGFHENRKNMYSSEEKSTAIAYRLIHENLPKFIDNMKIFEKIKNTKISENFEEISRHMEDVLGGKIQDIFTVDYFNFVLNQSGIDRYNAIIGGYTCSDGTKVQGLNEYINLYNQQVAKNEKSKRLPLLKPLYKQILSDKDSVSFIPEKFKNDNEVLESIAACYESIRDVLMGRENESLRSLLTNISDYDLSGIYVRNDSALTDISQHLFGNWNVIVGAIKDEYDCINPRKKKESEEKYAERIKKLYKATKSFSLKFLNDCMRGEYLSNYISDYYADMVEALKEKVQENKTGEKEGKNDLYNQIKSVCDSYKSTEWLLGKDDNLGKIEGFLESIKELQAKISLVVPLYNKVRNYVTQKPYSEEKIRLYFGWPKLLDGWDKNKENDYLTILMKKENLYYLGIMNKKDNTVFEKDCKTNYSSCYEKMIYKLLPGAEKMLPKVFFAKSRIEEFNPSRELLEIYRKGTHKKGDNFSLKDCHALIDFFKKSIEKHEDWSKFNFKFDKTTEYENISVFFREVEKQGYKISFVDIPEDYIRKMVDEGLLYLFRIYNKDFSEYSKGRPNLHTMYFKMLFDERNLKNVVYALNGGAEMFYREASINEDDMIVHKANKLLKNKNPDNQKKESVFEYDIVKDKRYCCDKFMLHVPITMNFGAESGNGINAIVNSELKKSENNYVIGIDRGERNLLYVSVINDKGEIVEQYSLNEIINEYNGCKYKTNYHDLLDAKEKERLESRQSWQTIENIKELKEGYISQVVHKICELVEKYDAIIVMEDLNFGFKNGRFNVEKQVYQKFENMLIEKLNYLVDKKREASENGGILNAYQLTSTYKDFNKRQNGIIFYIPAWLTSKIDPTTGFVDLIKPKYVSVDASAEMISRFEKIRFNEQADIFEIGIDYSNFTYKAVTTKRKGRWRLYSNGERIKIIRSQNKNNDWDFETIYLTDAFKKLFVKYGVDYTDDLKESILKVGEKNFFERLTRLLSLTLQMRNSKTGSTLQEDDYIISPVADVNGSFYDSRNFNGEKAEILPKDADANGAYNIARKGLMIVEQFKKIDDVKNIEWRPFIQNQEW,UUUCAAAGAUUAAAUAAUUUCUACUAAGUGUAGAUACUGAUCACGUACUCGAUGUCAC
seed3_row109475,MSKLEKFTNCYSLSKTLRFKAIPVGKTQENFKNKSLLEEDTHRAESYEKVKLYMDRFHKAFIEKVLQSIKLEGLDEYISLYSKSKRDEQQQKQFTGIQDQLRKSISDAFRNDERFKKLFKKELITEMLPEFVSQEDEKEAIASFNKFTTYFTGFNKNRMNMYSEEAKSTAISYRIINQNLPKFIDNIKTFEKITQSEVADCIATLNKELQMYLGIEKVDDIFSVDYFSRVLTQTGIDVYNAVIGGYSSSDGTKVQGLNEYINLYNQQLAKEEKSKKLPPIKPLYKQILSDRDSVSFILEKFEDDGELLDSINTYYNDICPELSDISESLSEIKDYDLNGIFVKSGVAITDISNAVFGNWSVIRNAWNEEYELTHPIKAKFIENYFEEKRKKFLKIEKSINFGYLQELDKSGNKNVEHIYSELKNTVFEKTDSVLTDYVSKEEKLFTKHDKTKQRINELTKLKDTVLALQRFLDLLSETSIDGDENFYSVLMEIWDELNYAVNPYYNAFRNYLTKKPYSTEKFKLNFECSTLLSGWDYNKEEYNKCIIMVKDGKYYLGIMNKKDTAVFESEFSPTSNDCYKKMIYKLLPGPNKMLPKVFFAKSNVSEFNPSKEILLNYKNGTHKKGEIFKLEDCHKLIDFFKESIAKHEDWSKFDFNFSDTKSYNDISEFYKEVETQGYKISFKNVPVSYINSLVEEGKIFLFKIYNKDFSKYSHGTPNMHTLYFKMLFDERNLSDVVYQLNGGAEMFYRFPSIKNDEKIVHQKGQKIENKNPDNKKKTSTFEYDIIKDRRFTKRQFSLHVPITLNFKAKGQNYINDNVRSTIRSSEDMYVIGIDRGERNLLYISVIDSSGNIVEQISLNEIINENGYNVDYHKLLDKKEKERDAARKSWGTIENIKELKEGYLSQVVHKICQLVIKYDAIIAMEDLNFGFKNGRFKVEKQVYQKFENMLIDKLNYLVDKNKDPNEMGGLLNAYQLTNKVDGVNKGKQNGFIFYVPAWLTSKIDPTTGFVDLIKPKYISTEGAKLFINKIDYIRYNDSSDYEFDIDYSKFSIGSADYFKKWTICTYGDRIETFRNEKKNSEWDNRTIVLTPEFKKLFDEFNIDYKDNLKDQILNIDATDFHARLVKLLSLTLQMRNSIPNSETDYLISPVKNSKGEFFDSRNYDNNDSLPANADANGAYNIARKGLWIIEQIKKSTDLKKLKLAMSNKEWLEFAQKTI,UUUCAAAGAUUAAAUAAUUUCUACUAAGUGUAGAUACUGAUCACGUACUCGAUGUCAC
seed3_row116241,MSKLEKFTNCYSLSKTLRFKAIPVGKTQDNIVKKRILEEDAQRADDYVKVKKLIDEYHKAFIERVLSDGCLPYEYVGKKDSLEEYYLYYELKDRNEQEQKSYVKIKDNLRKQIVKHLKKKEIFGEIFKGDIIEKDKNTEQVIKAVKDKNGISEADLEALSLIETFTAFTTYFGGFYANRENMYSPDEQSTAIAYRLINDNLPKFVDNMQTFTKIVTTSVAEHFDRLYKEMEPFLNVKNIAEMFQLNYFNDVLTQKQIEVYNSIIGGRVSKDDKKVQGLNEYVNLYNQKQKDRRDSLPKLKPLYKQILSDRNAISWLPEEFTEDNTALQKIQDCYKELLDEVFESLKELLKNIEEYDLDHIYLPNDLSLTDISQRLYGGYGVIRTAIQKDLKEEYSIAKKETENKFEERKEAFIRNSHSVSLHDIEKGVANEQFFTSLKELLATDKNQEIDNDIPKKLMQCYDEIKPIYSDVKDLFVNEYPKEKNLAQDDEAVEQIKCLLDSLKDLQFLIKPLLGTGKEQDKDDVFYGEFAALWNELDQITPLYNMVRNYLTRKPYSVEKIKLNFENSTLMDGWDLNKETDNTTVILRKDGLYYLAIMDKKHNRVFREDVMLPNTEDCYEKMEYKLLPGANKMLPKVFFSETGKEVFLPSEALLQKYKTGTHKKGKVFDKDDCHKLIDFFKQSIEKHDDWSKFGFKFSDTSSYEDLSGFYREVEQQGYKISFRNVSVAYIEQLVTEGKIYLFQIYNKDFSPYSKGTPNLHTLYWKMIFDERNLADVVYKLNGQAEIFYRKKSLNVKKPTHPANQSVANKNPLNNKKESLFDYDLIKNKRYTVDKFQFHVPITMNFKSKGADNINRLTREYLQKAENMHGIEVIPGMDRHELLYIYINLTGENYEQEQSLNTIKVQNGSGQKINYQELLESREQERLTNRKNWQTVESIKELKEGYISQVVHKICELIEKYDAVIAMEDLNMGFKRGRQKVEKQVYQKFEKMLIDKLNYLVDKKKEASEIGGVLKAYQLTNKFESFQKLGKQSGFLFYVPAWNTSKMDPTTGFVNLLDTRYESMEKSKVFFSKFESIRYNSEKDWFEFAFDYKRFPSKASGTRTKWTLCTYGERIETFRNPKKNHMWDYKTVQLTEEFKELFNQYGITEKTNLKKAIAEQTGQQFFDKLIRLLRLTLQMRNSMINSEEVEEDYVLSPIANDYGTFFCSRENVDGKGPELPKDADANGAYNIARKGLMIMERMKECDEDSLNDVKLGISEKEWLQFAQNKPF,UUUCAAAGAUUAAAUAAUUUCUACUAAGUGUAGAUACUGAUCACGUACUCGAUGUCAC
seed3_row21124,MSKLEKFTNCYSLSKTLRFKAIPVGKTQENFIANGLLDEDKHRAESYKKVKKLIDEYHKAFIESVLEKVKLEGLEEYLELYFKQDKSDSDLKKMEKLLRKMRGEISKAFSEYKKSGELFGKELFKEHLPKYVEDEEERKSVEGFNGFTTYFTGFFENRKNMYSAEAKSTAISYRCINDNLPKFLDNCKVFEKIKAVLPQDILQELNEDFAEISGVRVQDIFSVDYFNFVLSQSGIDKYNGIIGGYSNSDKSKVQGLNEKINLYNQQVAKSDKSKKLPLLKPLYKQILSDRESLSFIPEKFNSDNEVLESIEKCYQNLSEKLLRIGELVSELSSYDSGHVYIGGGEKVTEALSKAFDSWSKVRNNWMQEYDELHSKGKKTEKYKEEAGKEYKKTESFSLSELQRLGNSSLSLEEYLEELPKTLENVCDLVESTKESLEKILPKTIKKDTAVVKNLAAVKDLFDALKGLQCIIKPLLGSGKESGKDEVFYGEFLPLFEQLDAVTPLYNKTRNYLTKKPYSTEKIKLNFENPTLLNGWDLNKETDNTSVLFMKGNNYFLGIMDKKFNKSFYDFPSEPKGECYRKINYKLLPGPNKMLPKVFFSKKGKETFNPSQELLEIYNKGTFKKGDSFNLDDCHKLIDFYKSSISKHEDWKKFGFKFSDTKSYEDISGFYREVENQGYKITYRNVSEKYIEDLVEEGKLYLFQIYNKDFSQYSKGTPNLHTLYFKMLFDERNLKDVVYQLNGGAEMFYRKASIKDENRITHPKNQPIDNKNPDNVKKTSTFEYDIIKDKRYTKPQFSLHVPITLNFKAQGKEFINNDVRLALKNNPDVNVIGIDRGERHLIYLTVINQKGEILEQRSLNSVSSGNDTETDYHKLLDKREKERDAARKNWGTIENIKELKEGYLSQVVHEICKLVIKYDAVIAMEDLNFGFKRGRFSVEKQVYQKFEKMLIDKLNYLVFKDAKADEAGGLLNALQLTNKFEGVNKGKQNGIIFYVPAWDTSKIDPATGFVNLLKPKYTSVPESKKLFETIDDIKYNSSTDMFEFYIDYSKFPRCGADYKKKWTVCTFGDRIETFRNKDGHFESKSINLTKEFKELFAKFDIDFDCNDLKSQLLSVEERDFFERLTRLFALTLQMRNSVTGTDVDYLISPVKNKNGEFYDSRNYDITSPQNADANGAYNIARKGLWVLNQIKEAEDLKKPKLAITNKEWLSFAQSLK,UUUCAAAGAUUAAAUAAUUUCUACUAAGUGUAGAUACUGAUCACGUACUCGAUGUCAC
seed3_row111281,MSKLEKFTNCYSLSKTLRFKAIPVGKTLDNFKNDLLLEEDKQRAENYVEVKGYIDEYHKAFIENVLVKTKLAIEKNGNEIFPVQYRELYFKKTKDDKDKKEFEAIKENLRKQITEAFKDNEAFTQLFKKELIKNDLPNFVKSSDDTGLAKAFKKFTTYFSGFHENRKNMYSAEEKSTAIAYRLVNENLPKFIDNIKVFDIIIKASAISSLKELIEKIAEYLGVTETELFFKIDNYNTVISQRGIDLYNIVIGGMSSEDGVSKIQGLNEIINTSVQKGKVEEKQLRLPKFKQLYKQILSDRQPISVIPEEFTSDNDMLESIEEFFLDDLIGTSTTGKRENVLSKISNLFDGIDEYQLQSLYLGGSLLTDISRSIFDNWSTIKDAWILEYDKLKKQKKIEDEDKEKTAAKYKSAKSFSISDLEKLLGSSNFENYIGGIIADIQVSYENGKSVFIKDYKNNNNLKSLDGKLPNDKSIIRVIKDFLDTLKEIQYYVKPLRGTGDEAGKDELFYTKFTEMTILLDEITPLYNKVRNFVTKKPYSVEKIKLTFGKSNLLEDWDLNKEKDCLGVWLEKEGYYLGILSSKGNKAFEESNLKPLKDNSLFKKMNYKLLPGPNKMLPKVFFSDSNKAIYNPSDEILKSYKKGTHKKGENFNKNHLYELIDWFKDAINQHKDWRQFNFHFSETSEYKDISEFYNEVSQQGYSINFVKVPATMINDMVESGKLYLFQIYNKDFSPYSKGNPNLHTLYFKMLFDERNLSDVVYKLNGEAEMFYRKASIDEKDRVVHPANQPVKNKNPENRRETSTFGYDIIKDKRYTVDQFEFHIPITMNFKAKGNDYINSKVCDYIRSAEGLHIIGIDRGERNLLYLSLIDLKGNIVKQTSLNEIVNEYNGTTYNTDYKSLLSSKEGDRDDARKNWQTIQNIRELKEGYLSQVVHKIAMLMAEYKAIVVLEDLNMGFMNGRQKVEKQVYQKFEKMLIEKLSYLVDKKRDVSSTGGVLNAYQLTGAFESFKKLGKQNGFLFYIPAWNTSKMDPVTGFVNLFDTRYENVEKAKAFFGKFKSINYNNSNNRFEFSFDYSDFTTKAEGTRTSWTLCTYGTRVETLRDPNANNQFTNVNFTLSEEFEQLFDLYQISYENADLKEAIAEQTDKQFYKGFMQLFKLTLQMRNSVTGTDVDYIISPVMNNKGCFYDSRVCGKDLPENADANGAFNIARKGLLIAEQIRNADLASDIKNDVSNKAWLNFAQKNED,UUUCAAAGAUUAAAUAAUUUCUACUAAGUGUAGAUACUGAUCACGUACUCGAUGUCAC
seed3_row114458,MSKLEKFTNCYSLSKTLRFKAIPVGNTLKNIIASGILEDDRHRAESYKKVKKIIDEYHKAFIESVLGQVKLNGLEEYYQLYNKSGKTEREKSLCDITTKLRKQISDRFTKEPHKLIFAAGMIKWLLENMNIDESEIETLADFNHVGYSLLSEMYSDDTNLKQIIESDLQKFIDNNQEDSKYTMNRISTRGLVLYVTEDFELTRRVVVFPELTKQLSDDAEKALTSVLNEVFNIDTYSRCLSQSKISLYNMIIGGRVIPSNVPLSGVNELINEYSKIAASNSKSGLDNIQVLLYVLGRASENNLMFIGNLETSGQVMSVINAVADDFDSNKLITIMGITGKKDNLFAELNRLLKEYKSIISPISRKLMDVDESLIEPYNIKSAKNSVDAFKGMLEKVVELSNKVLSNKNNNDLVKKSDFVWKLKKDATDFIINVVNECMTVLVKNYQDVAKEEVDKQDLKVIGDLFRALGPINTVYNEVRNYVTKKPYSTEKIKLNFGNPQLLGGWDANKEKDYRSIILLKDDNYYLAIMDKNHNKIFINKSSSSGDLAYRKMNYKLLPGPNKMLPKVFFSKSRIDEFKPSARILQNYENGTHKKGDTFNLEDCHSLIDFFKASIAKHEDWKNFNFNFSPTSSYEDLSGFYREVEYQGYKITFNRISESYINSLVDEGKLYLFQIYNKDFSKYSHGTPNLHTMYFKMLFDERNLKNVVYKLNGEAEIFYRKASIKDSEKITHFAHQPIENKNPDNEKKTSTFEYDIIKDKRYTKPQFSLHIPITLNFKAENIKNINDCVRSAIKNSGFGYAIGVDRGERNLLYAVVVNSNGEIVEQISLNEIVSNNGETVDYRELLERKIKERDVARKNWTSIENIKELKQGYLSQAIHKICELVVKYDAIVAMEDLNIGFKNGRFKVEKQVYQKFENMLITKLNYLVDKKLAPSENGGLLNAYQLTNKFSGVNKAFQNGIVFYVPAWLTSKIDPTTGFADLIKPRYTNVADAHNFFSCFDSIVYDKSEDMFVFSVNYKNFPKADIDYRKIWTFYTNGLRIETFRSQDKNNMIEPVAITKTVLAERFEGDSELLVEIRSDVIPQICGDIFYVFKQIIKLLVQMRNSEEKEESKEIISPVMNASGEFFDSRNADKSLPQDADANGAYNIALKALWAIEMIKDIWSDEQKNTNMYISDEKTLNFIQTINC,UUUCAAAGAUUAAAUAAUUUCUACUAAGUGUAGAUACUGAUCACGUACUCGAUGUCAC
seed3_row76018,MSKLEKFTNCYSLSKTLRFKAIPVGKTQDNIVKNGLLEKDKHRAESYEKVKKLIDEYHKAFIERVLSGLVLDGLDRYLELYSKSGKDEKDENYMEELKKLQESVRKSIVKGFKEGEAYKRISKKELIEIELPEWLEKNSTPEEFDEAMKKFGDFTTYFTGFQENRKNMYSAEPKATAVANRLIHENLPKFLDNVKTFKQIKGIEELYKNVEEIAKYFGLEPSLVFKPEAFTKTLTQTDIDVYNTVIGGYTTEDGEKIQGINEYINLYNQQHKEARLPKMKMLFKQILSDRESVSFIPEKFENDNEVLESLRKFYAELNEELLSENGESIENLFSSLKEFDLSQIYVANDLGLTDISQQMFGQYDVFTSGIKSELRKQNVPKKEEKYEDELEKRLNKIKSYSLSELDAFVAAYVKASEVEEKVKDLIDSIKTEVLQAVENRNLFSKNELEKDKKNNLAIKDLLDYLMLVKEFVKEFSLSFRSDEKLGEEGFYAEIEQLYEEINTVVPLYNKVRNYLTRKPYSTEKIKLNFENPTLLDGWDVNKESSNLGVLFVKDGNYYLGIMNKKNNKVFSEYEPSDEDNCYQKMEYKLLPGANKMLPKVFFSKSRIEEFNPSPQLLEHYEKGTHKKGDNFSLDDCHKLIDFFKTSINKHEDWKKFDFHFSDTKDYKDISGFYREVERQGYKISFSKISEEYINKLVEEGKLFLFQIYNKDFSSYSKGTPNLHTLYWKMLFDPENLKDVVYKLNGEAEVFYRKASIKPENIIVHKANESIKNKNPLNDKKESLFSYDIIKDKRYTVDKFQFHVPITMNFKSEGILNINQLVNKYLKESKDTHIIGIDRGERHLLYISVIDLDGNIVEQYSLNEIVNEYNGNKYSTDYHSLLDSKEKERDEARKSWKTIETIKELKEGYISQVIHKISQLMIKYNAIVVLEDLNFGFMRGRQKVEKQVYQKFEKMLIDKLNYLVDKKKEPSELGGLLKAYQLTNKFESFQKLGKQSGFLFYVPAWNTSKIDPVTGFVNLFDTHYKNMADAKAFFGKFKSIRYNDTKGWFEFGFDYDDFTTKATGTKTKWTLITNGKRIETFRNPEKNSQWDNREIVLTEEFKKLFKEYGIDISKDLKESINKQTEKGFFEELLRLLRLTLQMRNSITNSEIDYLISPVADKNGEFYDSRKCGKGLPENADANGAYNIARKGLWVIEQIKQAEDLKKIKLAISNKEWLSFAQNRPYL,UUUCAAAGAUUAAAUAAUUUCUACUAAGUGUAGAUACUGAUCACGUACUCGAUGUCAC
seed3_row103520,MSKLEKFTNCYSLSKTLRFKAIPVGKTKENFDNRCLLEEDEIRAKAYTVVKKLIDEYHKAFIEKALHNFEDLREALSDLYDERGKNSEEEANNKKLLPALEKIYRNELVKNFSEKWKFLFSEKFKKDPRFSTLLTEEERTLYTFGNAKEREAMDIFNEFAGFFSNYQQVRKNIYSEESQKTAVPYRIVNENLPKFLDNCRVFSKIAGKLGEEIEELKESLPVGVKELKIRDYFTIDYFNETLTQKGIDFYNRVLGGFTKEDGAKVQGINEIVNLYRQKNKEEKDKKKFPQFKQLFKQILSDRETASFVLENESSGKENDFFVKLGNSTSLIPSEENNLSSVSLENIKEILKSIKDFNDSAGDLAGIFVKNPRENTIKEIYSDEKKAKNILKKWFSNPEGLILAVGKLSFLPLINYEKKVQKSNEKLLDQSYQVFLRVRESFKEVVSYIADGEKETDQEFSAKLRQIKNTFEEENFDFYQEFKAVIRDLLELVLEYNKFVSLLTGDKGEEETDFIFYGAFTPFYERLQVVDSLYNKVRNFVTKKPYSTEKVKLNFDNSTLLNGWDINKEPDNTCVILRKEKLYYLAVMDKRHNNIFRSKGEKFTNDEIFEKMDYKLLPGANKMLPKVFFSRKNVEVFKPSESILGKYKAETHKKGKEFSKEDLHKLIDFFKTSIAKHEDWSKFNFVFSDTSTYGDISEFYREVEAQGYKVSFQEFSSKYIDELVQDGKLYLFQIYNKDFSPYSKGKPNLHTLYFKMLFDQRNLENVVYKLNGKAEIFYRQKSIPKNNIIIHKANEPLDNKNPNNSKKKSVFDYDIIKDKRFTLDKFQFHVPITLNFKADNSGNINALVNRFIRENKELHIIGVDRGERNLIYVSVIDLEGNIKEQMSGNQIINENGNTYKTDYHSLLDKKEGGRDESRKAWKVIENIKELKEGYLSQVVHKIVQLMVEYNAIVVLEDLNIGFKRGRQKVESSAYQQFEKALIDKLNYLVDKKKRPSELGGLLRALQLTNKFESFKKMGKQNGFLFYIPAWNTSKMDPTTGFVNLFETRYENIAKAKNFFDKFDSIRYNSQADYFEFDFDYSKFTSKAEGSRTKWTLCTQGKRIETFRNPGKNSEWDTREVDLTDEFKKLFKSYKVEYGEDLKTQILNQNEKEFFEDLLRLLRLTLQMRNSKTGTDIDYMISPVANANGAFYDSRNCSENLPENADANGAYNIARKGLWIIQKIKNANDFKDVKLSISNKEWLSFAQSLR,UUUCAAAGAUUAAAUAAUUUCUACUAAGUGUAGAUACUGAUCACGUACUCGAUGUCAC
seed3_row112328,MSKLEKFTNCYSLSKTLRFKAIPVGDTLKNFIGSGILEKDKHRAESYIKVKAIIDDYHKVFIDRVLSGLVLKYESDGKKDSLEEFFTFYMIPSKDIKQGKTFDEIKQNLREQIAKKLTSDKAYKDLFNKELIESDLCNDMDKKESIRFIIDDFKDFYTYSVDFSQNIATMYGCEAKSNGRAYRLVNDNLPTFIKNIYEFEKISSVISDENLSIINNLFKELETIGVDSIFELFEIDYFEYVLGQTGIEVYNSMIGGYTKEDGTKVQGLNEYINLYNQQVAKEEKSKKLPLLKPLYKQILSDRESISFLPEKFDSDEEVINSINSFYSSIKETLLSMLKEMVSNVSGYNTEGIFIKSGAHLSEISNAVFDNWSVISNAINSEYEQNYTGKSKTKEEKYDEEVKKYFKKNDSFSIRFINDCVSDYYLTSYTISSYFGNMCGGIEIETSDFDLTTNLSKKENAICEIKEFLDSVKGLQRLVKEFLVSGSETEDSGRFYGDYTGLYDILGIIDSINMYVRNYLTKKPFSKDKIRLNFDNPQFLGGWDGNKERDYHSVLLKKDMNYYLAIMDKAHNKVFINNPLPSSGECYEKIEYKLLPGPNKMLPKVFFANSNINKFQPDAQILKNYEKETHKKGDNFNIDDCHKLIDYFKESIDKHEEWSKFGFEFSATETYNDISEFYREVESQGYSVKFRKISEEYIHSLVEEGKLYLFQIYNKDFSEHSHGKDNLHTMYFKMLFDERNLKDVVYKLNGDAEMFYREASISDEEKIVHHPKNKIKNKNTSNGKETSVFEYDLIKDRRYTKDQFSLHVPITLNFKADGKNFINDDVLAAIKSEENHHIIGIDRGERNLLYICVVDTDGNIVEQISLNQISSNASDKNSVNYHDLLSKKEGDRTEARRNWMKIENIKELKEGYLSQVVHRISELMIKYNAIVVLEDLNGGFMRGRQKVEKQVYQKFEKMLTDKLNYYVDKKVDINEEGGLLHAYQLTNKLDSFKNLRKQNGFLFYVPAWNTSKIDPVTGFVNLFDTRYTNIVSSQKFFSAFDSIRYNSGEDYFEFVIDYSKFTDKAKDTRTNWTLCTYGERIKTFRNVKKNNSWDSEIINLTENFKELFEGYGIVYDTNVKESIIGQTDKSFFRDLISLLRLTLQMRNSVTGNTDVDYLISPVCNNNGCFYDSRNYDNNGKLPVDADANGAYNIARKVLWAIELLKNAEDDKIDKIKLAISNKEWLTFAQTHYL,UUUCAAAGAUUAAAUAAUUUCUACUAAGUGUAGAUACUGAUCACGUACUCGAUGUCAC
seed3_row31358,MSKLEKFTNCYSLSKTLRFKAIPVGRTLENFNNNGLLERDKHRAESYKKVKKLIDEYHKAYIESVLGDFSLNYEDAGKYDSLTEYLRLYRCGDKEEKEVKKFKEIQQKMRKAIVKAFKNDERFKRIFKKELLESDLVEFVKSQKIEDVRGILENFRDFTTYFTGFHENRKNMYSEEAKSTAIAYRIIHENLPKFIDNMQVFEKIAASPVSEKMKKILEEYSDYLGGVVIDEIFTLDYFSSVLTQRGIDVYNSILGGKSEEDGKKIQGINEYINLYNQQRKDKKQRLPKFKQLYKQILSDRESVSFIPEKFESDDELLNAVKEYYQEIEGEILGDNVEGKVDLLKNIENYDLGKIYITNDSGLTNISQKIFGDWGAIQRAIEREFDRQYAGKSSKKFEKYSEEKDKKLKAIKNYSLFEIERLSGSNGKDIGKYFEDMGVENSKNIQEYFSARVVLLSEDESELVNDEYTGLIKNLLDSVKALLHRIKLVIPREREDIEAEFLEKIKDLFVPLDDVIPLYNKVRNYVTQKPYSTEKIKLNFENPTLLNGWDKNKERDYRTVILRKDGKYFLAIMDKGDNKIFDSFPGDSESYYEKMEYKLLPGPNKMLPKVFFAASNIEFFNPSDEILKIREKETFKKGDKFNLDDCHKFIDFFKESIEKHEDWSQFGFKFSDTETYKDISGFYREVEQQGYKITFRNVSESYINELVDEGKLYLFQIYNKDFSPYSKGTPNLHTLYWKMLFDERNLSDVVYKLNGEAEVFYRKASIKDEDIIVHKANEAIENKNPDNEKKQSRFEYDIVKDKRFTVDKFQFHVPITMNFKAAGLNNINTEVNQYLRESKDLHIIGIDRGERHLLYLTVIDMDGRIKEQYSLNEIVNEYNGNTYRTNYHDLLDAKEKERDEARKSWKTIENIKELKEGYLSQVIHKIAQLMIKYNAIVVLEDLNFGFMRGRQKVEKQVYQKFEKMLIDKLNYLVDKKRDADEIGGVLKAYQLTNKFESFQKMGKQSGFLFYVPAWNTSKIDPTTGFVNLFDTRYENMEKAKAFFGKFDSIRYNEEKDWFEFAFDYDKFTTKAEGTKTKWTLCTYGTRIETKRNPDKNNEFDSVEFDLTERIKDLFVKYKIDLKGNLKESICSQNDKTFFEELLHLFRLTLQMRNSITGTDTDYLISPVMNEDGEFYDSRKCGKNLPENADANGAYNIARKGLWIIEQIKQAEDLSKIKLAISNKEWLRYAQGLE,UUUCAAAGAUUAAAUAAUUUCUACUAAGUGUAGAUACUGAUCACGUACUCGAUGUCAC
seed3_row108801,MSKLEKFTNCYSLSKTLRFKAIPVGNTLKNFIDSGLLEEDKHRAESYVKVKGTIDEYHKAYIELSLNGFELNVADEGKKDSLSEYFTYYNIRNKTEDEQKVFETIQDNLRKQIVNQLTKGEAYKRIDKKELIQEDLIEFVKNDPDADEKVKLISEFRNFTVYFTGFFENRKNMYSADEKSTSIAFRLINENLPKFIDNMEVFAKIAISELASCFDEIYKTFEEELKVENIGDIFQLEYFNTTLTQGGIDIYNSVIGGRTCDDGTKIQGLNEYINLYNQQHKEHLPKLKPLFKQILTDRESASWLPEEFKSDNEVLEAIESCYRDLNDIVFGNDGLKKLLCSLSEYDSSGIFITNDLPLTDVSQRMFGNWSIIPSAIKNDVKDTCPARKRIETEEGYEKRINKLFKKQDSFSIDYLNSCIKEKGEDCNITTYFVDKLKDLIAEIPSNHLQSVNLLTESYENIYKRINDKYTDVSSVKIALDMLKEFQWFVTPKIAEKDTGFYSLIEELIDDIFEVVQPLMMAYNRVRNYLTKKPYSMEKIKLNFGNAQLLGGWDVNKEKDYLSIMLKKDNEYYLGIIDKSENRAFIDVPETSDGDCYEKMEYKLLPGPNKMLPKVFFSKSRIDEFAPSEKILEIRRRESFKKGPSFNLKDCHEFIDFFKESILKHEDWSKFGFKFTDTSTYKDISEFYREVSDQGYSIRFRKISVDYIDRLVETGKLFLFQIYNKDFSKYSHGTPNLHTMYFKMLFDERNLSNVVYKLCGGAEMFYRKPSISEDEKIVHPANRPIKNKNPLNAKKESAFTYDIVKDKRYTKPQFYLHFPIQMNFKADGAKRLNDMVRLALKECEKNYVIGIDRGERNLLYVVVIDNDGKIVEQESLNEIIGDNGYSVDYHKLLDKKEKERDAARKSWGTVENIKELKEGYLSQVVHKICELVLKYDAVIAMEDLNFGFKRGRFKVEKQVYQKFENMLISKLNYLVDKKKPADEIGGLLNAYQLTNEADGVNRGRQNGIIFYVPAWLTSKIDPVTGFTDLIKPKYSSVSEAKNLINKFDDIYFDKVESMFDFGFNLNNFPKGCTDYFRKWTICTNADRIRSFRNPEKNNEWDNEKIILTPAFKNLFDEFDIDVHSNLKEDITNVDVPAFFESFMRLLSLTLQMRNSVIGSDIDYIISPVKNRSGEFYDSRKYNNSDSLPCDADANGAYNIARKALWAIEVLKDTDDEKLGKAKLAITNKEWLEYAQTHV,UUUCAAAGAUUAAAUAAUUUCUACUAAGUGUAGAUACUGAUCACGUACUCGAUGUCAC
seed3_row113003,MSKLEKFTNCYSLSKTLRFKAIPVGKTQDNFDNSLLLEEDEQRAAEYKKVKEYIDRYHRRYIENVLSKFCLSYALRGYVDSLEEYYVYYMLGAKESDSSLSNLSKIQEKLRKQIVNCLTKDAAFSRIDKKELIESDLISFVSGDEEEKEKIESFKDFTTYFTGFHENRKNMYSVEPQATAIAFRLVHENLPRFIDNMAIFDIAAEISELDEKSFENRLREILGSVEVKNVEDLFELHYFNDVLTQSGIDMYNNLIGGYVLPEGEKVQGLNEYINLYNQQHKERRLPLLKPLFKQILSDREALSWLPESFNTDQELLQALEDFYLQTDDETDGAIQTVQSLLSELADYNIERIYINNESLTSISQQLYGQWTYIDNAIREDFQVHVPRGRKETNEKYDDRIEKLLKLKNSYSIRYLNQCVKETNIDDYFARLGAINTDGLQKKNIFSQIDLYYGQVKELLESPYPQDLSLAQDIEKISNLKNLLDSLKELQRFVKPLLGNGDENEKDEKFYGEFSPIWKELDQITPLYNKVRNYMTRKPYSTEKIKLNFENAQLLSGWDANKERDYHSVLLRKNGQYFLAIMDKSNNRVFIKPSELSDEDIFEKMEYKLLPGANKMLPKVFFSKSRISEFAPSDTILKRYEAGTHKKGETFNLNDCHRLIDFFKKSIDKHEDWKQFGFRFSETSSYEDLSGFYREVEQQGYKITFRNVSVDYIDKLVEEGKVYLFQIYNKDFSEYSKGTPNLHTLYWKMLFDERNLRDVVYKLNGEAEVFFRKSSIKSENPTHPANRPIENKNALNEKKRATFEYDLIKDRRFTVDKFQFHVPITMNFKATGNSNVNAEVYKIIRDGGIEHIIGIDRGERHLLYLSLIDLKGNIVREMTLNDIINEYRGVTYETDYHALLEAREGERTEARRNWQQIENIKELKQGYLSQVVHILAKMMVEYKAIVVLEDLNTGFMRGRQKIERQVYEGFEKMLIDKLNCYVDKQADIESVGGLLHPLQLTNQFESFAKLGKQSGLLFYIPAWNTSKMDPVTGFVNMLDTRYENIDKSRCFFSKFKSINYNETTDWFEFSFDYNDFNSKAEGTRTKWTLCTYGERIETFRNPEKNHLWNNLEIQLTEEFKKLFANAGIDIEGNLKDAICQLKEKKYLESLMHLMKLLVQMRNSVTNTEEDYLLSPVADEEGHFFDSRENISSLPIDADANGAYNIARKGLWVIEKIKNTPDGEKLKLSISNREWLQYAQKK,UUUCAAAGAUUAAAUAAUUUCUACUAAGUGUAGAUACUGAUCACGUACUCGAUGUCAC
seed3_row113919,MSKLEKFTNCYSLSKTLRFKAIPVGDTLKNFIGSKMLEVDEKREEDFKLVKKLIDRYHKNYIDSVLGNLILEGLENYADLYYKSNKTDKDILDSKDADLRKQISKAIQDNETFSRLFKKELIEEMLPTFVSEDEEIRTKILDLFGGFTTSLTAFFENRKNMYTSEGQSTAIAYRCINDNLPRFLDNTNSFANIKSKLASQEMENLEKEMSSLLGFNTVSIFDVFKYAFAVNGIDMYNEISGGYVCPENKRIQGLNEIINLYNQTAKKEEKSKRLPLFKQLYKQILSDRETVSFIPEKFTSDDEVLSSVESYYEAINGESFSSNLKILKELNEATNGNLHVIANTAKATISNGFYGSWNVLRAAWNEKYEAENPIKGKAKAENYEEKRKKFFNSIDSISLGYIEEYVASNVLIETYKVENYFSSYIEQAVVNFNTAYSLISTAYTKEKRLTKASDETEEIKNLLDSIKDLERFIKPLCGTGKEENKDNVFDAKLLAEFSALDLIVPLYNKTRNYLTRKPYSTDKIKLNFANPTLLDGWDLNKEKDNKTVIMLKDNLYYLGIMNAKNRNAFVSQELPSEGDCYEKMVYKLLPGPNKMLPKVFFAKSRAEEFAPSEKILANYKKGTHKKGANFNLKDCHALIDFFKTSIAKHEDWSKFDFKFSDTSTYSDISEFYKEVEKQGYKISFKDVPVSIIDNLVEDGKLYLFRIYSKDFSEHSHGAPNLHTIYFRALFSDTNKGAKLYALNGSAEVFYRKASIKKDDIVVHPAHQPIKNKNEINNKQITSLFNYDIIKDRRYTVDQFEFHVPITINFKAKGMDRINDLVRKYLATDKDTHIIGIDRGERNLLYICVIDSQGNIVEQFSMNEIVNEYGNSNDTVDYHKLLDTKEGGRDDARKDWKTVENIKELKEGYLSQAVHKISLLVEKYNAVIILEDLNSGFMRGRQKVEKQVYQKFEKMLIDKLNFLVDKKKEPGELGGLLNAFQLTSKFDSFQKMGKQSGILFYIPAWNTSKMDPTTGFVDFISAKYENIDKTKAFINKFNSINYNPGNGCYEFTFDYKDFTTKAEGTKTNWVVCSFGNRIETNKDENGQMGSKQQYNLTVEFKRLFDQYNIDYEGDLKAAIVEQTEKGFFKALLDLLRLTLQMRNSIAGTDVDYLISPVMNDEGYFYDSRKCGEKLPENADANGAYNIARKGLWVVRQIQAANDTATIKLAISNKEWLEFAQKTTC,UUUCAAAGAUUAAAUAAUUUCUACUAAGUGUAGAUACUGAUCACGUACUCGAUGUCAC
seed3_row105756,MSKLEKFTNCYSLSKTLRFKAIPVGKTQENFIKKRLLEEDEKRAIAYKLVKKYMDEFHRKFIDDVLSSTNLPLLNGGNHDSLEEYRSLYISRNRDEKSKNNFISIQNALRKQIVKKFKSDNVYERIFKKELIQEDLPDFLSDDKEKDIVRQFNNFTTYFTGFHENRKNMYSADEKSTAIAYRLIHENLPRFIDNMGVFSQITSSQIVDSFSKIFVDNEISYIFSEHIFKLFRTQNQITVDEIHSIENFVGVYYQHHNEWIPGLNGLNILINLYNQQVAEENRRIPLMKIPFLVPLFNQILYSDFHMNDFESEEKLFSSVNDLFKLISDNDGLILNAKNINSEDSGVITFFSDIKEYKWNDLYTGGNYLQNIARQTLGDNDKIKKILKNQFLERISQMKKTKGTKKYEDEQNLIAYLNSVADFYTLLSEFKLNNLKSLETENDKKKISENMNDVLLSLKDIQHYVLVLSSKPSITRRNLKNDISFYSLLEELMADFTKIYPLYNKTRNYLTQKPFSIEKVKLTFDNSHLLDGWDVNKESDYLSVLLRKDDFYYLAIMDKKSNNTFVKPPLPSDSDVYEKMDYKLLPGPNKMLPKVFFSKKRIDEFSPSQAIMDIYSKGSHKKGNNFNLQDCHKLIDFYKVSIDKHEDWNKFNFHFSPTESYNDISEFYREVSDQGYSINFRKVSVEYINNLVDDGKIYLFQIYNKDFSKFRKSKGTPNLHTLYWNELFTDLKNVVRTLNGQAELFYREESIKKSEITIHKANQPIANKNPLKIGSEFKHTIDINGLDLRKIKRYTVDNFQFHVPITMNFISNGNSMINNYVNSAIKNSVKSAENPIIGIDRGERNLIYLTVINQKGEILEQLSFNEIKNKDYHSLLTQRELDRLNSRQNWKTIENIKELKEGYISQVVHRICQLVIKYQAVVVMEDLNFGFKRMRFRIEKQVYQKFEKMLIDKLNYLVMDKKGPEVPGGLLKALQLTNKFESFKKLGKQNGFIFYVPAYLTSKIDPTTGFVNLFPIGYTTNSSVKQFFGKFETIKYNKYGNYFEFGFDYNDFNCKAFGTRNIWTISTFGDRIETTRSRDMNNNWDSRNIVLTDEFKNIFNNNDIPLSHDKDFETQILEKDNADFYKQLFFLLRLLMQLRYSNSEADYILSPVANKQGMFFDSRRSGSNLPQDADANGAFNIARKGLMWVEQIRNNDDLRTEITKLTMLQWLKFVQTLEYEK,UUUCAAAGAUUAAAUAAUUUCUACUAAGUGUAGAUACUGAUCACGUACUCGAUGUCAC
seed3_row101349,MSKLEKFTNCYSLSKTLRFKAIPVGKTQENFITRQLLEEDENRAESYAKIKKYIDRYHKVFIDNVLSNTRLEGLEEYADLYYKRDKNDADKKAMEALEANMRKQIAKALTKDKGYSSLFGKELIKEILPEFLRDESEKKMVADFNEFSTYFNGFHDNRKNMYSDEAKSTAIGYRIVHENLPKFLDNVAVFEKLMQVEPDEIATKLNEVFTERGFNIKDIFDFDFFSRTLIQSGIDIYNGVLGGYVADDKKYKIQGLNEAINLYNQQASVKHKKLPMFKPLFKQILSDRGQISYLPEAFKSDNEVVESVNELYREIKSEVLDLEKGTGKNAGLGTYLDKLSLYDCEGIFIKNGPHLTNISQKVFDDWNAITGALLERIDRENPPKKKSATEKYEERIRKFLKAHKSFSLSEINGLLDNCITDGEPVCNLIKTAYENLDLVLLNLSDKYSRNAALKTDEPYESLLKTLCDGIKDVYHKVKNMAETGNDENLLTDFYAPLNEITPLYGKVRNYLTQKPYSTEKVKLNFGNPQLADGWDKNKEQANLSILFLRGNHYYLGIMNAANKPKLKGMEDKESPCYRKMNYKLLPGPNKMLPKVFFAKSNIESYKPDEHLLRNYQGDTYSKGENFNKEDCHKLIDFYKASIERHPDWSKFNFVFSDTSKYNDINDFFNDVERQGYKISYTDIDESYINQLVDEGKLYLFQIYNKDFSEHSKGNPNMHTLYWKMLFDAANLKDVVYKLNGEAEVFFRKSSITYERPTHPKNQPITNKNELHEKKTSIFDYDLIKDRRYTVDSLTLHVPITINFKSNGTGNINIDVKEYIRKSDDMHVIGIDRGERHLLYLSVIDLQGNIVEQYSLNEIVNEYNGNIYRTNYHSLLDKCEAERRNEWVSWNTIESIKELKEGYLSQVIHKIAGLMVKYNAIVVLEDLNLGFMRGRQKVEKQVYQKFEKMLIDKLNYLVDKKADLTDAGGMLHAYQLTSKFDSFQNMGKQNGFLFYIPAWNTSNIDPVTGFVNLFSSKDTRYAKVAVAKQFFDKFQSITYNRYKQDFTLRFSHFSKKEDGADSRSDWEVCTIGERIFTHRDKEGNYQWDNKAIDLTENITELLDKFHINICDNIKEEIANIDEKAFFIPLLKMFKLLLQMRNSRKNQPDDVIDYILSPVTNGTDKFYDSRNNIPNLPLDADANGAYNIARKGLIVVNQIRSKEGDKVKTGEVDGWITYLISR,UUUCAAAGAUUAAAUAAUUUCUACUAAGUGUAGAUACUGAUCACGUACUCGAUGUCAC
seed3_row102049,MSKLEKFTNCYSLSKTLRFKAIPVGDTLKHFIGSKLLEEDEHRAESYVKVKNLIDEYHKAFIDRVLNTVVLNDDEYDELYETKGKNDKQLKEVKKKMCKLRKEIADYLTKYPKEKFGAEKFVSVFENKSFNELLNKWLYQEACTIFLKHDVEQFSPHFNDFSTYFTGFHTNRMNVYTSEEKSTSIAYRLVNENLPKFIDNMEVFKKIVELSEVKNSLIVDSDVKFLAQSFSLEDVQRLFTTEGISEQKKIQGINELINLYRQQNKTKLPKLKPLYKQILSDAESISFKLNEIEDDKELIESIKIFNEAGLINNKKEVRLNDLLKNIGEFDLSKIYIANNGTLSTLSNRVFGDWGYINNALENWYIENVKGKKKVGTEKYEEKRKKFLKKHDSISLKEVETALGSDETIKQYILDRFNSCDKTLFETIEERYKTFKTVLEKKKEGGEQYVRLLQEKEIQRTLAGLRDSIENVKSLLDLVKEENGEGQIFYGESDRVYDSLSEVDLLYNKTRNYLTKKPFSLEKFKLNFGNAQLLGGWDKNKEKDYLSIILRKGNKYYLAIMDKDHNKVFENAPLASESNCYEKMDYKLLPGPNKMLPKVFFAESNKDVFNPSDELLEKYKSGTHKKGDKFSLADCHKLIDFFKQSINKHPDWKNFDFHFSPTETYEDMSGFYREVERQGYKVKFKNVDADYIDKLVDEGKIYLFQIYNKDFSPYSKGTPNLHTLYFKMLFDERNLANVVYKLNGEAEMFYRRASIKEEEKVVHQANEPIVNKNPDNKKKESVFGYDIVKDRRFTVDKFQLHIPITLNFKATGRDNINMDVRRILKDKEDIYVIGIDRGERNLLYICVIDSKGNIVKQESLNSITNEYNDNTYHTDYHSLLDKKEKEREAARQNWQTIENIKELKEGYISQVVHKICQLVEKYDAVIVMEDLNFGFKQGRFNVEKQIYQKFEKMLIDKLNYYVDKNRDVNENGGLLKGYQLTNKFESFKKMGRQNGFLFYIPAWNTSKMDPVTGFVNLFYVKYESKEKSKEFVKKFEDISYNQSENYFEFAFNYANFTYKAEGSKAEWTVCSYGDRIKTFRNPDKNNEWDTKTVNLTEEFIKFFTEYKIDININLKEQILNEDTKEFFLRLTKLFGLMLQMRNSVTGKDIDYLQSPVANDNGEFYDSRNCGGELPENADANGAYNIARKGLWVINQIKAAEDDELKKVKLAISNKEWLTFAQKK,UUUCAAAGAUUAAAUAAUUUCUACUAAGUGUAGAUACUGAUCACGUACUCGAUGUCAC
seed3_row106769,MSKLEKFTNCYSLSKTLRFKAIPVGDTLRNFIGSRELERDEKRAESYVKVKKLIDEYHKDFIEKALSCCVLRYESDGKKDSLEEYFLYYMSGAEDKNNKNKFADIQEKLRGQIANALKKDERFKRIDKKELIKEDLYSFLIKDEEGSADELVLIEEFGDFTTYFTGFNENRQNMYSEEEKSTAIAYRLVNENLPKFIDNMRVFSIVSESDVAGKLETIQTELGSDLAGKIQDMFSIDYFNQVLTQSGIDMYNRIIGGYTCSDGTKVQGLNEYINLYNQRDAVREKRDNLPKFKPLFKQILTDRDSVSFIPEKFSDDQEVLDAVKECYVHLEGAFMSLKNIFENFESFDLDKVYVTNGLAITDISNAVFGNWSTVRDSWVDAYESAHSKKKRDENFYQKEKRDFNAKKSFSLSELQILAGKEGKESGDIAAWYSEFVSKVVSDIREAVQPLSNIYDVMKERFNGKKKYDDNDEVDKVKALLDAVKDIEHFVKPLSGTGKEAEKDELFYGTFLPLFDAVHSVDRLYDKVRNYVSQKPYSKDKVKLNFGNPQLLGGWDKNKEKDYRTVLLKKGNCYFLAVMDKSHNKIFSDVPEDDSCYEKMIYKLLPGPNKMLPKVFFPKSNLKLYNPSEEIMDIYSKKTYIKGENFNLEDCHKLIDYFKESIAKHEDWSKFDFEFSPTETYGDISEFYREVSEQGYKITFRNVSCDYIDSLVDEGKLYLFQLYNKDFSPYSKGVPNLHTLYFKMLFDERNLADVVYKLNGEAEMFYRKASISDKEKIVHPANHSIKNKNTLNEKRTSTFAYDLIKDKRYTEPKFSLHVPITMNFKAKGEKAFNDDVRLALKNCDGTHVIGIDRGERNLLYVVVINENGDIVEQKSLNVIKSEHDGCSESVDYHALLDRKEKEREESRKNWKTIENIKELKEGYLSQVVHEICKLVVKYDAIVVLENLNFGFKRSRAKVEKQVYQKFEKMLIDKLNYLVDKSVDVEAIGGLLNAYQLTNKFDSFAKLGKQSGFLFYVPAWNTSKIDPTTGFVDLLHPKYTSVEESRQFVEKMDSIRYNRAAECFEFAFDYSKFTDKAAGTRTKWTVCTYGERIRTFRNPEKNNEWDSETVYLTDEFKKLFDEYKIDIHEDLKDSVANMDEKAFFEKMIRLISLTLQMRNSKTGTDIDYMISPVKNRRGEFYDSRNYDGSSADDAAANGAYNIARKGLWALREIGKSDNDEKVDLKISNKEWLEFAQRS,UUUCAAAGAUUAAAUAAUUUCUACUAAGUGUAGAUACUGAUCACGUACUCGAUGUCAC
seed3_row104347,MSKLEKFTNCYSLSKTLRFKAIPVGKTKENFEINKLLERDKTRADNYNKVKILIDKYHKYFIETSLSGFKLNGVRDFADLYFKSGKDEKDINRMESLENDMRKEISNAFTKDETYKILFGKELVKNILPDFVDSDEEKKSVADFNKFTTYFQGFFKNRENMYTNEEKSTAIPYRCINDNLPKFLDNIKTFENIKNSFTEKDFDKLNEDFEGIFNTGVKVHFFDFEEKCVGIDNQKIQGYSGILGGRVVEHFKGINKIGVNKVRIKFEGDNKLSDVEKSFPKIKSVSEQIYKIDSLSYFVKNIKSGFNDVIESIQNFYESVQCFNISEIFVKSGVSVTDVNKDVFGDWGYIRNALNESYEKLCPSKKLDKKKIKELQNMNKEKNNKNKDEKKIEDYFEEFVKSNLEKFIDDIENYIKNNVETTISKTNDEYKDIEKIKKNLKKNNYDEKTIKSISDWLNKLFNVEKELKMTNGDGKEIEKDEANIYNIKKILDSLMDCVHFAKPLYLKSKENSKIESYYSFFGMVKGFENIIPLYNKTRNFLTKKPYSIKKYKLNFDNSTLCKGWDLNKESSNLSVLFEKEGIYYLGVMDKDNRNVFKKYPEDIVGESCYRIMNYKLLPNASKYLPKVFFSNSRKEEFNPSEKILKNYKDETHKKGENFNINDCHDLIDFFKKSINCHPDWSKFNFKFSDTSSYNDISEFYKEVERQGYKVEYTEYSSSYINELVDRGELYLFQIYNKDFSEHSKGKPNLHTMYFKMLFDERNLKNVVYKLNGKAEMFYRDASLKKDELVVHNKGEILKNKNPLNTKKESVFEYDLVKDKRFTENQFSLHIPITLNFKAIGQSYINNDVRCALKNSDKNYVIGIDRGERNLIYISVVDQDSKIVYQKSLNEIISDNDKERVDYHKLLDTKEKERDSARKNWTTIENIKELKEGYISQVVHEICKLVLKYDAIIAMEDLNYGFKNGRFKVEKQIYQKFENMLTQKLNYLVFKDKKANEIGGILNAYQLTNREKIDNERQNGIIFYVPAWLTSKIDPTTGFVDLLKPKYNNISEAKKLFNKFNNIKYNQDEDLFEFVIDYKDFPKGSSDYKKTWTICSYGDRIKTFKNPSKNSEWDNEEIILTEEFKKLFDDFNINYRDGELKELLNNNKSSFFKSFIKLLSLTLQLRNSAKGSDIDYLISPVKGKNGNFYDSRNAKKGLPCDADANGAYNIARKGLMLIEQIRNFEDDKINFKINNLEWLSYVQGNDVLKD,UUUCAAAGAUUAAAUAAUUUCUACUAAGUGUAGAUACUGAUCACGUACUCGAUGUCAC
seed3_row109471,MSKLEKFTNCYSLSKTLRFKAIPVGNTQENIEKNKILIRDEDRAISYKKVKNLIDEFHKYFIETVLRNVHLDDIDDYADLYVKKGKSPEDIKKVKNIQEDMRKAISKAFCGDPRYKGLFSKDMIENDLPYFFTEKNDKEIVSKFNKFTTYFTGFYANRENMYSEEEKSTSIAYRCINDNLPKFIDNIKVFNKIKEVLPQDIIEKLNENAFSAEVFGNMEYNIEEIFDFDYYNNVLTQRGIECYNVIISGYSKKDGEKIKGINEYVNLFNQQIAKNDKSYRLPLLKQILSDRETKSFSEDDYDSANEVIECVDQLYKELKGCSIESEEESAEAGLMDLISRIEGYDMSGIYIRNGLAITEISNAISNDWSFIRDRYNKSYDLKYGLKSKKELDEKYFEDRNKYFNNIKSFSVADLQALISTDYTIENYFKLADVETKTLKVSIADVKERYIAADDLLSNDYDKDKKLIETDQDIELIKNFLDCIKEIERFLRPLYIKDISAERDETFYSVFIPLIEQLETVTPLYNKVRNYVTRKPYSTDKIKLNFGSPTFLNGWSKSKEYSNNAIILLKENNYYLGIINVGNKPDSQVIQGSESYSEETYRKMNYYQLKPNGLLPKCFFTTKDIDYYSPNEDILSCREKGTFKKGNEFNIDDCHKLIDFYKKAISENPDWSVFDFDFAETSEYDSIDEFYKEVEDQGYKISFSNIASDYIDELVESGELYLFQLYNKDFSTYSKGTPNLHTLYLKMLFDPDNLKDVVYKLNGKAEMFYRKASIKKEDMVVHQANQPIANKNPDNKKKESIFAYDIIKDRRYSKRQFFLHIPITINFNAQGTEFINKDVRVALKENKDNYVIGIDRGERNLIYVCVVNSSGEIVEQRSLNEIIGDNDYRVDYKNLLDKKEKERGKARQSWNTIENIKELKEGYISQVVHEICKLVYKYDAVIAMENLNVGFKNGRAKVEKQVYQKFENMLINKLNFLVNKDADPNKPGGLLKAYQLTNKFNGVNKAYQNGIIFYVPAWLTSKIDPTTGFVDFIKPKYVSVSEAKSFFGNFDKIKYNEKNDLFEFSFDYDNFDGASDDKKRLWTVCSNKDRIKTFKNINKNGEWDNEEIILTKEFMNLFEKYGIDYKNLKDDIKEGASLESFNINGGSYDEVIKTLQLINQMRNSSLNDDFIISPVKNKNGDFFNSNKNDYLPKDADANGAYNIARKGLMIVERIKESDDAELNNINIAISNADWLRYVQK,UUUCAAAGAUUAAAUAAUUUCUACUAAGUGUAGAUACUGAUCACGUACUCGAUGUCAC
seed3_row119795,MSKLEKFTNCYSLSKTLRFKAIPVGRTEENFSKKLLLEQDKQRAVEYEKVKKYIDRYHKYFIDNTLSKVSCKNVDDYAELYYKRDKSEEDTKKMEQLEKSMRKIISKAFKNDKAYSGLFGKELIKNVLPEFVSDEEEKKMVEMFCNFTTYFVGFHDNRKNMYSSEAKSTAIAYRCINDNLPRFLDNVKTFGKVIEALPKEQIDDLNNNYFGVFGRNVKDVFNLDYFEFVLSQSGIDVYNNIIGGYTCSDGTKVQGLNEYINLYNQQVAKNEKSKRLPLMKPLYKQILSDKESVSFIPEKFASDDEVLRAISDYYNNHIADIKVLLERLQDLNNYNVDGIFVSNGIAITDISNAVFGYWNVLQNAWEEKYEAKTPVKKNTEIEKYEEKRGKVYKAIDSFSIGFIEEFVSKSLGNDIKGYFADVGKLCSDVCNLAETYEATVPLLNRGKNDSRKGKKSNDSVSTIKTFLDNVKDLEKFIKPLLGTGKEENKDEIFYGRFTPAFDGFSQVDRIYDKVRNYVTQKPYSKDKIKLNFSNAQLLNGWDRNKEEANKAVLLRKDDKYYLAIMDKAHNRIFANKNFADDTSYETMEKISLNQKAGTNKDEYKLVQNYFKKGKDKVARNNKSVVQILEVPEKVSKAIYEVTVKCQNRKDNFEQSGEKDLIQLVKYFLDALNCVADWKIFNFNFRKINKYVDIREFNSVLNNQKYYLSFNNITKDYIDKLVDSGRLYLFQIYNKDFSENSNGKQNLHTMYFKAIFDERNIKEKVFKLNGGAEMFYRKASIKKEEVIVHPANQLIENKNPYTEKAESIFDYDITKDRRYTEDQFELHVPITLNFKANGNNYINYDVRKVLKDSKDMYVIGIDRGERNLLYVCVIDSEGKIVEQKSLNEIIGDDGYKTDYHRLLNEKEDSRMKARQDWATIENIKELKEGYLSQVVHEICKLVLKYDAVIAMEDLNFGFKKGRFKVEKQVYQKFENMLISKLNYLVDKNADVNENGGLLNAYQLTNKVDSIKKGKQNGFLFYVPAWLTSKIDPVTGFADLLRPKYTSVSEAKRLFSEFDNIRYNDEMDMFEFSFDYDKFPRCNSDFKKSWTVCSNSSRILTFRNPEKNNEWDNKIIVLTPEFKSLFNDNKIDVDVDLKEQILNANEKAFYKELIGLLRLTLQMRNSVTGNDIDYLISPVKNTTGKFYDSRNYDLTSSFPENADANGAYNIARKGLWAINQIKNTEDDKLDKVKLAISNKEWLEYAQKHFN,UUUCAAAGAUUAAAUAAUUUCUACUAAGUGUAGAUACUGAUCACGUACUCGAUGUCAC
seed3_row46680,MSKLEKFTNCYSLSKTLRFKAIPVGKTQENFINNLLLEEDKQRAEEYKKVKEYIDRYHKYFIESVLSKIVLEGVDEYADLYFKRNKSDEEVKKMEELEAIMRKQISKALKNYSVYNELFGKEMIKEILPEFLTDKEELEVVKMFNDFTTYFTGFHENRKNMYSAEAKSTAIAYRCINDNLPKFLDNVKSFKKIIDIIPEENIAELNEYFEGVYGVNVQDIFSVDYFDFVLSQSGIDVYNSVIGGYSCSDGTKVQGLNEYINLYNQQVAKSDKSKRLPLMKPLYKQILSDRESVSFIPEKFNSDNEVLESIEDFYKSIKENVLELLSELKNNNLDAIFSISGGYIQSGVYIRNTAINTYRQNVIKNSKEISEKENEEKKKYFSNKQKYIDNYISKTDKCLSLYIDENVLSLKDYCDAYYKELFNAIEKAYEKAKELLSNEYDTEKSLKKDKESIELIKEFLDSIKEFQQFIKPLCGSGKEENKDELFYGEFIPLFENISKIDDLYNKVRNYVTKKPYSKDKIKLNFDNPVFLSGWDKSKERDYRTVLLRKDGKYYLGIMNKSNNKIFDSYPEDTSDYYEKMEYKLLPGPNKMLPKVFFAKSNLDKFNPSEEILKIYEKGTFKKGENFNIDDCHKLIDFYKESISKHEDWSKFNFKFSDTSEYNDISEFYNEVKEQGYKISFTDISEEYINKLVDEGKIYLFQIYNKDFSEYSKGTPNLHTLYFKMLFDERNLENVVYKLNGEAEMFYRKASIKEKDMVCHPANQPLKNKNPNNSKKESIFEYDLIKDKRFTKRQFSLHIPITLNFKAEGQEFINSDVRKAIKYKDDNYVIGIDRGERNLVYISVINSNGEIVEQMSLNEIIGDNGYKVDYHKLLDKKEKERDKARKSWGTIENIKELKEGYLSQVVHKICELVIKYDAVIAMEDLNFGFKRGRFPVEKQVYQKFENMLISKLNLLIDKKAEPTENGGLLRAYQLTNKFDGVNKAKQNGIIFYVPAWDTSKIDPTTGFVNLLKPKYTSVQEAKNLFETIDDIKYNANTDMFEFYIDYSKFPRCNSDFKKSWTVCTNSSRILTFRNKEKNNMWDNKKIVLTDEFKSLFNEFGIDYKGNLKDSILSISNVDFYKRLIKLLSLTLQMRNSITGSTLPEDDYLISPVANENGEFYDSRNYKGTNAALPCDADANGAYNIARKALWAINVLKDTPDDMLNKAKLSITNAEWLEYTQR,UUUCAAAGAUUAAAUAAUUUCUACUAAGUGUAGAUACUGAUCACGUACUCGAUGUCAC
seed3_row88770,MSKLEKFTNCYSLSKTLRFKAIPVGNTLKNIIESGILEQDKHRAESYVKVKNLIDEYHKAFIDETLANVELEYSDAGKKDSLEEYYTYYMIGKKDESQKKKFKEIQENLRKQIVDSFKKDERFKRLFKKELITEDLVEFVKKNADDDAIGRIASCSTVDEVTLSDFIEVRKLSEEERSKWEEIKKKTSGFYGFFINRGGTLYKSFQISTRLPDDNLKENLELEKLLEDKNKCKVVELEEECFSDAAISQRVMAAYSYFNEVISVENYNNCISQSGIDKYNEIIGGIKDKNNKFERFYGKINSAKEGEKFLREKELEEEYCRIFGEFETLFEQIEKRGLSEKDLFENTEKILSLKTTENEKYSSVFNGVKALLTDDEKKNGKIYIKNNAINELSRKCFGDWNAIKDALECEYEEKNKCSNSKKINAINNEVEKYAKNKLESILGYDFSENSVFKSIFESIFENTDDVLSIYNKTRNYFTQKPSETKKFKQNFDCPTLLNGWDKNKEEANLGVLLLKDGKYYLGILNPYCKKIFETEENASDTKNYYRKMIYKLLPGPNKMLPKVFFSKKGIETFNPSKEILRIKEEGSFKNGNKFDLNFCHELIDFYKECISKNEDWKCFNFKFSDTSSYKDISEFYKEVEKQGYKITFTDISEEYINELVKSGKLYLFQIYNKDFSEYSKGKQNLHTMYFKALFDEDNLKNPVYKLNGEAEIFYRKASLSKEDKIVHKAGEPIENKNPDNVKKYSRFKYDIIKDKRFTEDQFSLHLPITLNFKAKGKEFINNDVRLALKNSENNYVIGIDRGERNLVYACVVDANGKLVEQLPLNDIKSDNGYKTDYHKLLDKREKEMDSARKSWKTIGNIKELKEGYISQVVHKICQLVIKYDAVIAMEDLNFGFKNGRFKVEKQVYQKFENMLISKLNYLVDKKADPEEDGGLLNAYQLTNKVDGVNKGKQNGIIFYVPAWLTSKIDPTTGFVDLIKPKYTSVSEAKKLFKTIDDISYNASEDMFEFDIDYSKFPRCNADFKKKWTVCTNGERIKTFRNKEKNNEWDNKTIVLTDEFKKLFDEFGIDYADNIKEQILNISNKEFYRQLIKLLSLTLQMRNSITGSTLPEDDYLISPVRNKNGEFYDSRNYRGTNAALPCDADANGAYNIARKALWAIEVLKDTPDEMLDKAKLSITNAEWLEYTQK,UUUCAAAGAUUAAAUAAUUUCUACUAAGUGUAGAUACUGAUCACGUACUCGAUGUCAC
seed3_row111498,MSKLEKFTNCYSLSKTLRFKAIPVGETLKNVIGSGLLEQDEHRAESYIKVKKIIDEYHKAFIEQVLNEFKLVYEDNGKKDSLEEYFTFYQVSNKDENQKKMFQEIKANLRKQIVNAFKQEKGYNRLFKKELIDTDLLKFVKSLSEEEKKIVDEFKDFTTYFTGFHENRKNMYTDEEKSTSIAYRLINENLPKFIDNITCFNKITSVPELRDNVIKLYESYKDSVNIASLDEVFNLDYFSETVSQIVIEVYNAVIGGRTQINGQPQIQGINQLINEHNQKQPSLEKSLKGKKIEKQIDRLSKEILFKIVGKDNDVLKELNLRISNLNEAVRTEGLKKLMVILGGIDTKDIFLEFNNLNKISEDVVGDWSAIKDAVADVCARKIVPKNKKETEAYIEKRKKSLEGIRSFTLSEVQELARKSLFEIESNNNVFLESISESIDVLRVEFAEISNQYAEAKNILTKNYPKNRNLAQDKIHVEKIKNLLDAIKELQFFIKPLLGSGSEPDKDERFYGDFSLLWAELSRITPLYNMVRNYVTQKPYSKDKIKLNFQNPTLLDGWDVNKEKDNTVQILRRGGKYFLAIMDRSHNKLFEHDINSPKTGSCFDKINYKLLPGANKMLPKVFFSKSRIKEFNPSESIIEKYKRGTHKKGPQFSLSDCHRLIDFFKASINKHKDWKKFNFHFSPTESYKDISEFYREVEQQGYSISFSKVSVNYINQLVEEGKIYLFQIYNKDFSAHSKGTPNMHTLYWKALFKEANLENVIYKLNGEAEVFYRKKSIDKENITVHHKNQPLQNKNVSNNLKHETFAYDIVKDRRYTVDKFQFHVPITINFKAEGQNNINTQVRQYLQESNDTYVIGIDRGERNLLYLSLINSKGEIVKQFSLNQIINECQGQTYKTNYHDLLDRKEKERDNSRKSWKTIETIKELKEGYLSQAIHKVIALMIEFNAVVVLEDLNMGFMRGRQKVEKSVYQKFEKMLIDKLNYLVDKNKQSSELGGLLNAFQLTAPFESFQKLGKQSGCLFYIPAWNTSKIDPTTGFVNLLDTRYHSGDEIIKLVNDKISGKYSCFAFDFILESKTVQLGLKELPTVTIWTVTGKEPIQKQNHTIRTSGEKTGWIPPTKSLKKIFQEHGIDWDKNENFYDTITNVCDDKHYQFFMELLNLVGFTIQLRNSDYFYLIPTEGNGVSLHRKSYNKADAPVLLMKPKDAFVTSPIDADANGAYNIARKGAFFKSHLQNANELMNVERTKYV,UUUCAAAGAUUAAAUAAUUUCUACUAAGUGUAGAUACUGAUCACGUACUCGAUGUCAC
seed3_row110401,MSKLEKFTNCYSLSKTLRFKAIPVGNTLKNVIASGLLQEDEHRAESYIKVKKIIDEYHKAFIERVLGSLELPLKNVGKQNSLEEFFTCYSISNKDESQKKCFEKIQEKLRKQIVDAFKKDPIYKSLDKKELIREDLIDFVVPEEDRRLVEEFKDFTTYFTGFHENRKNMYSAEAQSTAIAYRLIHENLPRFIDNMSVFQKIAASSVSQHFADLYSDFEEYLNVVKISEMFKLDYFNIVLTQSQIEVYNCIIGGRTIEDSNKKQGLNEYVNLYNQQQINKKDRLPKFKPLFKQILSDREVVSWLPEEFESDIQVLHAIRESYESLYNSILSENVLKNLLELLASYDTEHIFISNDLQLTEISQRMFGRYDVFTSGIKAELRNNSTPTKKEKGDEEEDKYIEKLNKQSKSLGSFSLAYLNGMIRGKVEDGEKLLERCTDAGTERVADIESVLECVHNAFVLLQKTFPIEYSLKNDLKNNELIKMLKLIKDIKTYVKPLRGLKDEADSDEKFYSEFVSLWNRLDTITSLYNMVRNYLTAKPYSTEKIKLNFENSQLLGGWDLNKETDYASVLLRKGMYYYLAIMDKKHNHVFDINSIPNDGDCYDKLDYKLLPGANKMLPKVFFSKSRIDEFAPSSSIVEKYKAGTHKKGANFSIKDCHNLIDFFKASIAKHEDWCKFGFQFSNTQAYEDISEFYREVDEQGYSIGFRKVSEEYIEKLVNEGNLYLFQIWNKDFSEHSKGTPNLHTLYWKMLFDPQNLKDVVYKLNGQAEVFYRRKSLDLNKVTHPAHSPIINKNKDNQKKESTFDYDIIKNRRFTMDKFQFHVPITINFKANGSGNINTAVKEHIKNSDDMHIIGIDRGERHLLYLCVIDLKGNIVEQYSLNEIVNEYKGNTYRTNYHDLLETRGKERLEARRNWQAIESIKELKEGYLSQVIHRITQLMIKYHAIVVLEDLNAGFKRGRQKVEKQIYQKFEKMLIDKLNYLVDKKVDATAPGGLLNAYQLTNKFTSFRDLGKQCGFLFYIPAWNTSKIDPVTGFVNLLDTRYENVEKARTFFCKFKSIRYNATKDWFEFELDYNDFDKRAEGTRTHWTLCTHGTRIKTYRNPEKNSQWDSEEVDLTKEFKKLFNKYNIDINGNLKDTIAQQNEKKFFEGLMHLLKLTLQMRNSKTGTDIDYLISPVADENGVFYDSRICNDTLPKNADANGAYNIARKGLWIIDQIRQTEDLKKVKLAISNKEWLHFAQTKPYFDD,UUUCAAAGAUUAAAUAAUUUCUACUAAGUGUAGAUACUGAUCACGUACUCGAUGUCAC
seed3_row104015,MSKLEKFTNCYSLSKTLRFKAIPVGKTQENFIANGLLEEDAHRAESYQEVKKMIDEYHKAYIENSLKGVRLDGVEDSLVLYYDHYISDKEDKRSISIQEKAMEAVKKLLREQISKRLTDKDICNLKLKGKELKDIQDSVNAEVDDKRPLIEKFQRFTTYFTGFNENRMNLYSPESKATAISFRLVNENLPKFIDNIIIYDKVISIIPEDVSNSIQENLSSLLTFVELASLDFFDNVLTQSGIESYNLLLGGRTVASDDKEIKGINEFINLFNQAGVGKLPKFKILIKQILSDREKSSWLPEKFENDSQLLTAVLESYEEEHEDVLCLRNILESANSYSLDGIFVNNDKDLTDISLRVFGDWAVVERAIFEALKDENNKKKKGENGEKVESRLTKLKNAAKKLNKKKSLSISDIDILLEEYFSDEIKIVEDYYEALGIKTKEKEQKVNFVKSVDNESQKTLNAFSKIKNLSFSENDSEFIKSLLDGIIELLHFIKPLYCSGDEIVVNDFFFGSFNENLSEILNIVYNKIRNYLTKKPYSNEKFKLNFDNSQLLGGWDRNKEKDCLAVLLRKEKFYYLAVMDKNAKNAFKNIPAPNTSEDCYEKMEYKLLPGPNKMLPKVFFAKKNIDYYAPSKELLEKYSKGTHKKGNKFSIEDCHALIDFFKSSISKHDDWKKFGFQFSDTKDYEDLSGFYREVENQGYKITFKNIATEYIDRLVEDGKLYLFQIYNKDFSPHSKGKPNLHTLYFKTVFDKANLKDVVYKLNGEAEIFYRPASINDKKMIIHKANEEIKSKNPKKKSSSSIFEYDLIKDKRFTKRQFSIHIPITMNFKSSGRTYLNNEVRKALKLSDNNYVIGIDRGERNLIYISVINGNGEIVEQKSLNEIISDNDYRIINKDYKSLLDTKEKERDDARKSWKTIENIKELKEGYISQVVHEICLLVEKYDAVIAMEDLNMGFKRSRSKVEKQVYQKFEKMLIDKMNYLVIDKSRENEIDYLNGALKNDNAFSAFEKLKKQNGILFYIPAWLTSKIDPTTGFADLLKPRYSSIDNSKEFISKFDSIKYNQKENYFEFIIDYSKFPRCNSDFKKQWTVCTYGERILNFRNADKNNEWDNKTIILTAEFKKLFEEYNIDYKNDVKKQVINQSSKEFFKMFINLFALMLQMRNSDNANIDVDYLISPVKDSYGKFFDSRKYIDSEKRDLPQDADANGAYNIARKGLWCINQIKAADDELLNKAKIQITNAEWLSFAQTYDTNSSEKQK,UUUCAAAGAUUAAAUAAUUUCUACUAAGUGUAGAUACUGAUCACGUACUCGAUGUCAC
seed3_row76173,MSKLEKFTNCYSLSKTLRFKAIPVGKTQENFISKQLLEEDETRAKEYKKVKKIIDDYHKYFIENTLNGVALKGIKEYAELYYDKPEKDEAKREELEKIQENLRKQIVKAFSKDEYKSLFSKDIITDVLPEFVESEEEKKSVAKFNKFTTYFTGFNENRENMYSEEAKSTAISYRCINENLPKFLDNVKSFEKVKAVLPQEDLDELNANFADIFGVKIKDIFTVDYFSKTLTQSGIDIYNCIIGGYSCSDGTKVKGLNEYINLYNQQVAKSDKSKKLPLMKPLYKQILSDRETISFIPEKFEKDNEVLEAIKKAYSNLSDTLVGIFEGISALNLFDIFSNSYGNLAELSKFIFSDWSLIAGSISADSEKNTEKTKKTTDKYFAERKKYFKNNDSYSIGYLNSCINKAGIVEYFINEVTKEKGGLSIKEYFANSGEKSAKLINNAYSAIEDLLNTDYPEKKLLKGTSGSENIKKFLDSIKEVEGLIKPLLSGSYDSEKGAYFYGKFSPLFDSLSYIDALYNKTRNYVTKKPYSKDKIKLNFDNSTFLSGWSQNKERDYNSILLRKDEYFYLGIMDKEHNKIFKKYPGTGNNDFYEKMIYKLLPGPNKMLPKVFFAKSNLEYYNPSDEILKIYSKGTFKKGENFNIDDCHKLIDFYKSSINKHEDWSKFGFKFSDTNRYNDISEFYNEVKEQGYSVKFKNISESYVESLVDNGQIYLFQIYNKDFSEYSKGVPNLHTLYFKMLFDKRNLEDVVYKLNGEAEMFYREASIGNDEKIIHHANEPIKNKNPDNVKTESTFTYDIIKDKRFTKRQFSLHVPITLNFKAPGKNFINDDVRKAIKDCDENYVIGIDRGERNLIYISVINSKGEIVEQIPLNKIKADNGYKTDYHQLLDAKEGDRDKARKNWTTVENIKELKEGYISQVVHKICQLVEKYDAVIAMEDLNSGFKNSRIKVEKQVYQKFENMLIEKLNYLVDKKRDPEENGGILNAYQLTNKVDGVNKGKQNGFIFYIPAWLTSKIDPVTGFADLLKPKYNSVSQSQEFFSKFDSIRFNTKEDYFEFSFNYKNFPKCNADFRKVWTVCTYGDRIETFRDPENNNQFNSKSVVLTEEFKKLFSEFNIDYTDEDLKKKILSQEDKSFFKELIRLLRLTLQMRNSETGNTDVDYLISPVKNSNGEFYDSRNYDITSSLPCDADANGAYNIARKGLWAINQIKDAEDDELLNTTLRISNAQWLQYVQESDL,UUUCAAAGAUUAAAUAAUUUCUACUAAGUGUAGAUACUGAUCACGUACUCGAUGUCAC
seed3_row21218,MSKLEKFTNCYSLSKTLRFKAIPVGKTQENFISKQLLEEDEERAIAYKKVKKLIDEYHKTFIENVLSSVVLDGVEEYAELYYKRDKSDEEKKKMEELEKKMRKQISNALKNDEKFKNIFSKELIKKDLVSFVKNEEERELVSEFENFTTYFTGFHENRKNMYSDEEKSTSIAYRLINENLPKFIDNIRAFEKVKGSEMGEKFEEIEKELGLEGVFSEIFELKYFNNVLTQTGIDIYNSVIGGRTCDEGKKIQGLNEYINLYNQQHKENKLPKFKLLYKQILSDRESVSWLPETFENDNELLDSIEKCYKELSEKVLGDKNLKELLESLKNYDLSGIFVANDLQLTSISQQLYGDWRNIEKAIREDIKLNNPQKRKETEEDYEERISKLFKQAKSFSLAYINSCLKDKGVEDYFAGLGAYDTKGEQTINILTQIELAYIEAEELLESEYPVNKNLIKDKDNVEKIKNLLDSIKGLQEFIKPLLGSGKESDKDELFYGELTSLWEMLDSVTPLYNKVRNYMTRKPYSTEKIKLNFENSTLLAGWDLNKEKDNTSIILRKDGLYYLGIMNKNYNKIFDKYPGITSDESCFDKMEYKLLPGANKMLPKVFFSKSRIDEFKPSESIIEKYKKGTHKKGANFSISDCHDLIDFFKKSINKHEDWKKFDFKFSSTETYEDLSAFYREVEQQGYKISFRNVSESYIEKLVEEGKLYLFQIYNKDFSEYSKGTPNMHTLYWKMLFDEENLKDVVYKLNGEAEVFYRKKSIDEKITHPANEPVANKNEQNAKKESVFAYDLIKDKRYTVDKFQFHVPITMNFKAEGLGNINMEVKEYIRKCKDLYVIGIDRGERHLLYVTVIDSNGKIVEQYSLNEIVNEYNGKKYITDYHKLLDNREEERLKARQSWQTIENIKELKEGYISQVVHKITQLMVKYNAIVVLEDLNSGFKNSRKKVEKQVYQKFEKMLIEKLNYLVDKKADINEPSGLLHALQLTSKFEGFNKLFGQSGFVFYVPAWNTSKIDPVTGFVNLLRPKYKSVDESKKFFSEFDSIKYNKEKDWFEFSFDYNNFTSKAEGTKTKWTLCTYGTRIETFRNVEKNSQWDNREVNLTKEFKKLFEEYGIDYKNKLKEAILLKEEKDFFESLLHLLKLTLQMRNSKTGTDIDYMQSPVADENGEFYDSRKCGKELPENADANGAYNIARKGLWIIEQIKQAEDLSKLKLAISNKEWLQFAQK,UUUCAAAGAUUAAAUAAUUUCUACUAAGUGUAGAUACUGAUCACGUACUCGAUGUCAC
seed3_row119193,MSKLEKFTNCYSLSKTLRFKAIPVGSTLKNLVESGILDQDKHRSESYKLAKKMIDEYHKAFIQEALSATVLPCTSTGNRSLSEAYREYIRRRDDESAKQLEEKFKSNRDLFEDVVKKDKNFSVELLSDSSKRYELTQEEIRTIASFDKFTTYFKGYYENRRNMYTEEEKSTSVPYRLINENLPRYCDNIRVFNTIKKSNYDSETKILEKDVATTISERIISSFSVKDVLNTQNYNCVLTQGGIDRYNGAIGGFVDENGELKTRGINEFINLYNQTSSKEERMPKLKKLYKQILSDRETASFVPETYENDIEVFDSVEKIFASDLFEYTAELAGTLASINLEDLDKIYVNSRSLTSFSLEMFGNWNVLSDGWRKEYSEKIKPAESTDTEKYEEKRKKYIKAIDSISIKDLSEWLLGNSGVSSNADVFIELLRNRSGAANILYEKHSTVFSEAFGKKQILVTDTALELVKNYLDSIKEFERFVRPLLLAGNEASKDVGFYSDFSVLYNALDQINVIYNKVRNYATRKPYSIEKVKLNFNRSLLLNGWDLNKESDNKTVILRKDGLFYLAIMNKQFNKIFSSYPGGNAYESFEYYEKMDPRGFNKMFKKFFGSAAKTVYSPTDEALSSYKKGKNLVLGKTFDLEFCHDLIDFFKSGIKKNPEWSKFKFEFSPTDKYDNISEFYREFKRQAYKIRFVNVSASYIDSLVDEGKLYLFQIYNKDFSPNSKGTPNLHTLYWRMLFDAENLSDVVYQLSGGAEVFFRKKSLRITRTAHEAGSVLDNKNSSNPKKQSIFNYDLIKDKRFTYDQFQFHVPITINYSAKGQTNINEAVNGFLANNPEVNIIGIDRGERHLLYLSVINQRGEILEQRSLNSINTENFINTQRTDYQSLLDEREKARQDARTTWGEIESIKELKEGYISQVVHEIVRLMIKHNAIVVMEDLNFGFKRGRFHIEKQIYQKFENMLIDKLNYLVLKEKGFNEPGGLLNALQLTGEFKSFKELGKQSGFLFYVPAWNTSKIDPVTGFANLFYTKYESVEKARAFIGKFDSIRFNAKEQYFEFSFDYDKFSGKATDTRTQWTICTIGSRIETFRNAAGNAQWENKEVVLTDCFDALFVEYGIDYTRNLREQILAQSERSFFERLLALFKLVLQMRNSDTGTDIDFLISPAIDKTGNFYDSRIISSGLPKNADANGAYHIALKGLWALNEIRDSTDLKKLRLAISNKEWLHFVQNTSK,UUUCAAAGAUUAAAUAAUUUCUACUAAGUGUAGAUACUGAUCACGUACUCGAUGUCAC
seed3_row114321,MSKLEKFTNCYSLSKTLRFKAIPVGKTQENFIEKQLLEEDAHRAESYEKVKKYIDRYHKHYIESVLSSLKLEGISEYADLYYKSGKDEKEAKVFEKTQEKLRKQISDAFKNDERFKSLFGKEIIEDILPDFLERKEEEGIVETFSRFTTYFTGFHENRKNMYSAEAKSTAISYRCINDNLPKFLDNANTFRNIAILGEEKSKELSDAIDALGFSGKSISDTFTLEYYTEAISQSGIDVYNTVIGGYTSSDGTKVKGINECINLYNQQVAKSDKSLRLPLMKPLFKQILSDRESISFIPEKFHTDNEVLEAVNDFYTGHLTEYSINGKVRSLLESLNTFNLEGIFVKNDSSLTAISQKAPSSWSAVQDAIIADFEKANPQKKRKDSEKYNERRKKLFKAMDSISLGYLNSCLDKDEKVETYIMELVETICAAVGDMCSRFNEQVPGLAKNFADKDTGTELIKTLLDAVKAYKMVLKSFLGNGLENEKEEDFYGELTPLFDALHEFDVLYNKTRNYLTKKPYSTDKFKLNFENSQLLNGWDKNKERDYRNVLLRKDGYYYLGIMNKAANKAFEKLPEPGDECYEKMIYKLLPGPNKMLPKVFFAKSNLEYYAPSKELLDKYKNGTHKKGANFDLKDCHALIDFFKASIEKHQDWKRFDFKFSPTESYNDISEFYREVEAQGYKVSFCKVSAGYIDSLVESGQLYLFQIYNKDFSKHSHGTPNLHTMYFKMLFDERNLADVVYQLNGGAEMFYRKASIGDEDKIIHPANHPIKNKNPNNAKKESVFDYDLIKDKRYTKRQFELHVPITMNFKARGQEFINHDVRLALKQSDENYVIGIDRGERNLLYICVINGKGEIVEQTSLNEIIGDNGYKVNYHKLLDKKEAARDEARKSWGTVENIKELKEGYLSQVVHKICQLVVKYDAVIAMEDLNSGFKNSRIKVEKQVYQKFENMLTQKLNYLVDKKTDPGADGGLLRAYQLTNKVDGVNKGRQNGIIFYVPAWDTSKIDPVTGFVDLIKPKYTSVTDAQELFCKFKSIRYNETADLFEFDIDYSKFSRCNADFKKKWTVYTYGDRIKTFRNKEKNNQFDSKTVELTEEFKNLFADFGIDYISNLKDAVANGDEKAFYKKLMGLLSLTLQMRNSVSGNVDVDYLISPVKNANGDFYDSRNYDLTSALPCDADSNGAYNIARKGLWAIDRIRQAADSEHLKLALSNKEWLEFAQNV,UUUCAAAGAUUAAAUAAUUUCUACUAAGUGUAGAUACUGAUCACGUACUCGAUGUCAC
seed3_row100354,MSKLEKFTNCYSLSKTLRFKAIPVGKTQDNINSKGLLEKDKKRSENYKLVKGYIDRYHREYIENALKGFEIEAGKNYLNLYCELYGFDRKENEDKKEIEALSGLRETIADYLQGNENSGTIFSKDMIKAILPEFVTSEEEKTLLKSFSKFTTYFEGFFRNRENMYSSEEKSTAIAYRCINDNLPKFIDNVGIYNKLISVLDSDAVSTINDINEYITGAGNVDLFSVDYFSSVLAQSGIDKYNAIIGGYTVSDGKKIKGLNEYINLYNQQHKEEKLPKLKLLFKQILSERESISWLPEKFDTDEAVLLSIRECYVSLSDSPDSLKNLLNNLGSYNLSQIFISNDSSLTDISQRLYGDWNAIGKSILEDLKQNSSKSKSNVEAYQEKNRKIYRSNKDNSIKEFNELSSISINELCKNVNGVCSVICNSLASALVYFKRIEKIKKISNGLIVNIDKTVEQYKELLDSIRNISVELYILIATGTDSIPVPDFLGNVKESLEITKFISIYNQTRNYLTKKPYSTEKIKLNFSRPTLLDGWDLNKEADYLTTILLKSGDNYLAIIDPSKKVAVEHAKDCSVSSYKKMDYKQVPGPSKMLPKVFFSKKHPSIFAPSDELLKKYEEGMHKKGENFSIDDCHRLIDFYKTSIAQHPEWNEYRFNFSETRSYKDIGEFYNEVRDQGYKISYTDVPAEYINEMVDRGELYLFRIYNKDFSPHSKGTPNLHTLYFKMLFDERNLKDVVYQLNGGAEMFYRKPSIQEDEMIVHRAGQPINNKNSYGERTLSTFEYDIIKDRRYTLDKFELHVPITLNFKNLKNGNINSMVREYIKECKELYVIGIDRGERNLLYVVVVNSSGDIVKQESLNVIGDTFKGNEHSTDYHALLDDKEKSRDEARKDWKTIENIKELKEGYLSQVVHKVTQLMIEYKAIVILEDLNFGFKRGRQKVEKQVYQKFEKMLIDKLNYMVVDKTKPVTDGGLLQAYQLTNKFDSFKKMGKQNGFLFYVPAWNTSKIDPVTGFVNLFPGIEEKYTGINKSVDKIKFEFDFDAEQFDFRLELPSFTQKNFGCRTNWTRTSYGTRVYTHKSKLTGSAVGLYENVDLTDAFKELFERYSIDYDSDSLKEKLLEQDSSEFYSRLMHLLRLTLQLRNSISNSEQDYMLSPVADENGEFYDSRKCGDTLPLNADANGAYNIARKGLLLIDRIRSSSDDELKKSISNKTNKSWLSFVQKG,UUUCAAAGAUUAAAUAAUUUCUACUAAGUGUAGAUACUGAUCACGUACUCGAUGUCAC
seed3_row101918,MSKLEKFTNCYSLSKTLRFKAIPVGKTQDNFEKNGLLVQDKHRADSYKKVKKIIDDYHKYFIETVLSGLRLDGLDKYFNLYTMEAKDDKQKKFFKDIQSKLRKEVVAEFENNKNVKGLFEVKLFKELLPEYFKNDEEKKRIQEGFYEFTTYFTGFNKNRENMYTEEEKSTSIPYRCINDNLPKFIDNTNNFNKIIDIIPENTLKELNSLFEGLEGVFKVDVFNAAFTQDGIDKYNTILGGKTVDERTKLKGINECINLYNQNNKEKNIPKLKPLYKQILSDTEKNSFSFDVYTSDTEVTENIGTYYGEIVSILSVDNKNNEECLKELIKELSDYSFNKIYLKNDAQLTKISLAVFGDWNVIQENWNAYYDKLFNVKRGKEIEKYAEKRKKAYKNSESFSISDLQNLVDTDFGEEVVDYIKTKIDELIEKIANSYNIFETLLTQKHDKYNRLCKTKISLATLKNLLDSIKDLERDLKLINGNYKDENRIGDFYRDYFLLYDKITPVIKIYDKVRNYVTQKPYSTEKFKLNFNNPQFLNGWDKNKEKDYLSVLLKKDGKYYLGIINKDNKPKIGNAPPKNNGEPCFEKMVYKLLPGPNKMLPKVFFSKKGIEVFNPSREILENYNRDIHKKGATFDIEFCHELIDFFKTSINKHEDWSKFNFNFTPTEKYNNIGEFYNEVKEQGYTIRFKNVPENYINELVDKGQLYLFKIYNKDFSDYSKGKPNLHTMYFKMLFDDRNLENVVYKLNGKAEMFYREASISKDDMIVHPKNQPIKNKNPENKKKERVHSYDIVKDRRYTVDQFQFHVPITMNFKCNGSNYINEKVRNAIKYNEEVYVIGIDRGERNLIYISVIDNKGNIVKQQSLNEIINENGHNSTIDYHKLLDKKEKEREFARENWGSIENIKELKEGYMSQVVHVICELMMKYKAIVVMEDLNSGFKNSRIKVEKQVYQKFEKMLIDKLNYLAFKTGKADEPGGVLNAYQLTNKFESFKKMGKQNGVLFYIPAWCTSKIDPITGFINLFDIKYESVNKAVEFFNKFNSIKFNNEKGYFEFDFDYNDFTTKGPGYRKWTVCSNGIRRYTHRNNAGEWITREVQITNEFKKLFEEFSINVCNNLKDSVLNLEEKGNNLEIIKIIHLFALMRNSIIGSDSNFILSPVANEKGEFYDSRNSSSKLPENADANGAYNIARKGLWVIDQIKKTKDDELKKAKLAISNAEWLEYAQK,UUUCAAAGAUUAAAUAAUUUCUACUAAGUGUAGAUACUGAUCACGUACUCGAUGUCAC
seed3_row64146,MSKLEKFTNCYSLSKTLRFKAIPVGKTQENFINNLLLEEDKKRADEYKKVKEYIDKYHKYFIDSVLGKIVLDGIEEYADLYFKSNKTEDEKKKMEKAEEKMRKQISEALKNDEKFKNIFGQEIIENILPEFIKSEEEKKIVADFNKFTTYFTGFHENRKNMYSAEEKSTAIAYRLIHENLPKFIDNIKTFEKISSTEVSQKFEEITKNFEEYLNVVKIDDMFKLDYFNTVLTQRGIDVYNIIIGGRTAEDGKVKIKGLNEYINLYNQQQKDKRAKLPKLKPLYKQILSDKGSLSWLPEEFENDKEVLESIEKCYQDLKENVFNKDNSEKDSLKNLLLGLSEYDLSKIYIKNDIQITDISQKIFGNYSVITKSLKEKLAEDIKKSKKETDEKKEDYIGKKDGIFKSYFSFSLIELGSLINDKYEECKVVGENKRGKKVTELISNLKLVYKDVEEILNLEYNNKKNEKSIEAIEKIKILLDNIKELQWFVKPLLGKGNENDKDERFYGEFSSLWITIDQITPLYNKVRNYVTKKPYSTEKFKLNFENSTLLAGWDLNKEKDNTGIILRKNGLYYLGIMNKNYNKIFDKDNIVTVGECYEKMVYKLLPGANKMLPKVFFSNSRIKEFKPSDEIIEKYKNETHKKGKNFNLEHCHKLIDFFKSSINKHEDWKKFDFKFSSTETYNDLSEFYREVEQQGYKITFTDISEDYINKLVEEGKLYLFQIYNKDFSDYSKGTPNIHTLYWKMLFDEDNLKDVVYKLNGEAEVFYRKSSIERKVTHPANEPIKNKNPENPKKESVFEYDLIKNKRFTIDQFQFHVPITLNFKAIGSEFINEKVRKLIKENDDVYVIGIDRGERHLLYITVINSKGEIVEQYSLNEIVNEYNGIKHTVDYHKLLDKKEKERELARENWKSIENIKELKEGYISQVIHKITELMMKYNAVIVLEDLNSGFKNSRKKVEKQVYQKFEKMLIDKLNYLVDKKVDVNEPGGVLNAYQLTNKFESFKTMGTQNGFIFYIPAWNTSKMDPVTGFVNLLYPKYESVDKAKNMIKKFDDIRYNKEEDIFEFDIDYNKFPKGSTNYKKKWTICSYGNRIKTFRNPEKNNEWDNKEINLTEEFKKLFEEYSVDLSDDLKSQILERTEKDFFEKLLSLLRLTLQMRNSITGNTDVDYLISPVKNKDGEFYDSRKDLEKLPKDADANGAYNIARKGLWIIEQIKKAEDLSKVKLAISNKEWLQFAQKVK,UUUCAAAGAUUAAAUAAUUUCUACUAAGUGUAGAUACUGAUCACGUACUCGAUGUCAC
